Accident Ref No.,Casualty Class,Sex of Casualty
10BA0000011,Driver,Female
10BA0000014,Passenger,Male
10BA0000037,Pedestrian,Female
10BA0000064,Driver,Male
10CA0000023,Driver,Male
10CA0000023,Passenger,Male
10CA0000023,Passenger,Female
10CA0000024,Driver,Male
10CA0000024,Passenger,Male
10CA0000024,Passenger,Male
10CA0000024,Passenger,Male
10CA0000026,Driver,Male
10CA0000038,Driver,Male
10CA0000038,Driver,Male
10BA0000071,Driver,Male
10BA0000071,Passenger,Female
10CA0000039,Driver,Male
10CA0000039,Passenger,Female
10CA0000040,Driver,Male
10CA0000040,Passenger,Female
10CA0000203,Passenger,Female
10CA0000203,Passenger,Female
10CA0000203,Passenger,Female
10AA0000097,Driver,Male
10AA0000097,Driver,Female
10AA0000200,Passenger,Male
10AA0000200,Passenger,Male
10BA0000020,Driver,Male
10BA0000162,Pedestrian,Female
10CA0000035,Driver,Female
10AA0000089,Driver,Female
10AA0000089,Driver,Female
10AA0000116,Driver,Male
10AA0000116,Driver,Female
10BA0000140,Driver,Male
10BA0000140,Passenger,Male
10BA0000140,Passenger,Female
10BA0000140,Passenger,Male
10BA0000145,Pedestrian,Female
10BA0000133,Driver,Male
10BA0000133,Driver,Female
10AA0000122,Passenger,Male
10AA0000180,Passenger,Male
10AA0000579,Passenger,Female
10AA0000093,Driver,Male
10AA0000151,Passenger,Male
10BA0000123,Driver,Male
10BA0000123,Passenger,Female
10CA0000303,Pedestrian,Male
10AA0000117,Driver,Male
10AA0000117,Driver,Male
10AA0000386,Pedestrian,Male
10BA0000195,Driver,Male
10BA0000195,Driver,Male
10BA0000195,Passenger,Female
10BA0000195,Passenger,Male
10BA0000195,Passenger,Male
10BA0000195,Passenger,Male
10CA0000193,Driver,Male
10AA0000155,Passenger,Female
10AA0000157,Pedestrian,Female
10AA0000157,Pedestrian,Female
10AA0000157,Pedestrian,Female
10BA0000224,Driver,Male
10BA0000236,Pedestrian,Female
10CA0000298,Driver,Male
10CA0000444,Passenger,Female
10CA0000444,Passenger,Female
10CA0000444,Passenger,Male
10AA0000204,Pedestrian,Male
10AA0000395,Driver,Male
10CA0000267,Driver,Male
10MU0000265,Driver,Male
10AA0000275,Driver,Male
10AA0000275,Passenger,Male
10BA0000256,Passenger,Male
10BA0000385,Driver,Male
10CA0000317,Driver,Male
10CA0001024,Driver,Male
10BA0000322,Driver,Male
10BA0000388,Driver,Male
10BA0000384,Passenger,Female
10BA0000555,Pedestrian,Female
10CA0000326,Passenger,Male
10CA0000391,Pedestrian,Male
10AA0000302,Driver,Male
10AA0000338,Driver,Male
10BA0000406,Pedestrian,Female
10CA0000332,Passenger,Female
10MU0000431,Driver,Female
10BA0000381,Pedestrian,Female
10AA0000397,Driver,Male
10AA0000397,Driver,Male
10AA0000400,Driver,Female
10AA0000677,Driver,Female
10BA0000494,Driver,Female
10CA0000435,Driver,Male
10MU0000428,Driver,Male
10AA0000450,Driver,Male
10MU0000429,Driver,Female
10AA0000480,Driver,Male
10AA0000567,Passenger,Female
10BA0000493,Driver,Male
10CA0000451,Driver,Male
10AA0000457,Pedestrian,Female
10AA0000474,Driver,Female
10AA0000486,Driver,Male
10CA0000481,Pedestrian,Female
10CA0000522,Driver,Male
10CA0000541,Driver,Male
10AA0000488,Driver,Female
10AA0000602,Passenger,Female
10BA0005204,Driver,Female
10BA0005204,Driver,Male
10CA0000500,Passenger,Female
10CA0000520,Driver,Male
10CA0000520,Passenger,Male
10CA0000536,Driver,Male
10CA0000538,Pedestrian,Male
10CA0000542,Passenger,Female
10MU0000551,Driver,Male
10MU0000551,Passenger,Female
10MU0000661,Driver,Male
10MU0000698,Driver,Male
10AA0000533,Driver,Male
10AA0000556,Driver,Male
10BA0000543,Driver,Male
10CA0000504,Pedestrian,Male
10CA0000531,Driver,Female
10AA0000491,Driver,Male
10AA0000491,Passenger,Female
10BA0000517,Driver,Male
10CA0000558,Driver,Female
10CA0000558,Passenger,Female
10AA0000637,Driver,Female
10BA0000789,Driver,Female
10MU0000645,Driver,Female
10AA0000604,Driver,Male
10AA0000614,Driver,Female
10BA0000606,Driver,Female
10BA0000606,Passenger,Female
10CA0000640,Driver,Male
10CA0000618,Pedestrian,Male
10CA0000646,Driver,Female
10CA0000646,Driver,Male
10CA0000646,Passenger,Male
10CA0000739,Driver,Male
10CA0000739,Driver,Male
10MU0000616,Driver,Male
10BA0000619,Driver,Female
10BA0000676,Passenger,Female
10BA0000676,Passenger,Female
10BA0000708,Driver,Male
10BA0000708,Driver,Male
10BA0000708,Passenger,Female
10BA0000708,Passenger,Male
10BA0000708,Passenger,Male
10BA0000710,Driver,Female
10AA0000631,Pedestrian,Male
10AA0000631,Pedestrian,Female
10AA0000644,Driver,Female
10AA0000668,Passenger,Male
10AA0000668,Passenger,Female
10CA0000656,Driver,Female
10CA0000674,Passenger,Female
10CA0000689,Pedestrian,Female
10CA0000791,Driver,Male
10MU0000709,Driver,Female
10AA0000733,Driver,Male
10AA0000847,Driver,Male
10BA0000666,Driver,Female
10BA0000693,Pedestrian,Male
10MU0000841,Driver,Male
10BA0000694,Driver,Female
10BA0000703,Driver,Male
10BA0000760,Driver,Female
10BA0000760,Passenger,Male
10CA0000678,Driver,Male
10MU0000855,Driver,Female
10AA0000714,Driver,Female
10AA0001017,Pedestrian,Female
10AA0001543,Driver,Male
10AA0001543,Driver,Female
10BA0000662,Driver,Male
10BA0000662,Passenger,Female
10BA0000748,Pedestrian,Female
10CA0000731,Pedestrian,Male
10CA0000740,Passenger,Female
10CA0000740,Passenger,Female
10AA0000794,Pedestrian,Female
10AA0000811,Pedestrian,Male
10AA0000825,Driver,Female
10AA0000891,Driver,Female
10AA0000891,Driver,Male
10BA0000759,Driver,Male
10BA0000759,Passenger,Female
10BA0000761,Driver,Male
10CA0000826,Driver,Male
10MU0000956,Driver,Male
10AA0000838,Driver,Male
10AA0000854,Driver,Female
10AA0001076,Driver,Male
10AA0001207,Driver,Male
10AA0001207,Driver,Male
10AA0001207,Passenger,Female
10AA0001224,Driver,Male
10AA0001224,Driver,Female
10BA0000807,Driver,Female
10BA0005199,Driver,Male
10CA0000810,Pedestrian,Male
10MU0000948,Driver,Female
10BA0000951,Driver,Male
10BA0000951,Driver,Female
10CA0000783,Driver,Male
10CA0000845,Driver,Male
10CA0000845,Passenger,Female
10CA0000845,Passenger,Male
10CA0000845,Passenger,Male
10MU0001027,Driver,Male
10MU0001027,Driver,Male
10MU0001027,Driver,Male
10MU0001027,Passenger,Male
10AA0001013,Pedestrian,Female
10AA0001071,Pedestrian,Male
10AA0001102,Pedestrian,Male
10AA0001603,Driver,Male
10AA0001603,Passenger,Male
10BA0000832,Driver,Male
10BA0001192,Driver,Male
10CA0000886,Driver,Male
10CA0000990,Driver,Male
10AA0001604,Pedestrian,Female
10AA0002538,Driver,Male
10AA0002538,Passenger,Male
10BA0000927,Driver,Male
10AA0000996,Driver,Female
10AA0001133,Driver,Male
10BA0000920,Driver,Male
10CA0000932,Passenger,Male
10CA0000971,Passenger,Male
10CA0000997,Driver,Male
10MU0000926,Driver,Male
10MU0000926,Passenger,Male
10MU0000926,Passenger,Male
10AA0000944,Pedestrian,Male
10AA0001146,Driver,Female
10BA0000945,Driver,Male
10BA0001021,Driver,Male
10BA0001021,Passenger,Male
10BA0001021,Passenger,Female
10BA0001021,Passenger,Female
10BA0001026,Pedestrian,Male
10CA0001150,Driver,Female
10CA0001494,Driver,Female
10CA0001494,Passenger,Male
10AA0001063,Pedestrian,Male
10AA0001103,Passenger,Female
10AA0001160,Passenger,Female
10AA0001160,Passenger,Female
10BA0001007,Pedestrian,Male
10BA0001085,Driver,Female
10BA0001085,Driver,Female
10BA0001085,Passenger,Male
10CA0000976,Pedestrian,Male
10CA0000979,Pedestrian,Female
10CA0000979,Driver,Male
10CA0001184,Pedestrian,Male
10AA0000977,Driver,Female
10AA0001012,Driver,Male
10AA0001012,Driver,Male
10AA0001012,Passenger,Female
10AA0001043,Driver,Male
10AA0001048,Passenger,Female
10AA0001233,Pedestrian,Female
10BA0001467,Driver,Male
10CA0001068,Pedestrian,Female
10CA0001098,Pedestrian,Female
10CA0001107,Driver,Male
10CA0001107,Passenger,Male
10CA0001107,Pedestrian,Female
10CA0001107,Pedestrian,Male
10CA0001366,Driver,Female
10MU0001092,Driver,Male
10MU0001092,Passenger,Female
10AA0001058,Driver,Female
10AA0001058,Driver,Male
10BA0001288,Driver,Male
10CA0001004,Driver,Female
10CA0001066,Driver,Female
10CA0001066,Passenger,Female
10CA0001112,Pedestrian,Male
10MU0001093,Passenger,Female
10AA0001212,Pedestrian,Male
10BA0001089,Pedestrian,Female
10BA0001113,Driver,Male
10CA0001050,Passenger,Female
10BA0001078,Driver,Male
10BA0001078,Driver,Male
10BA0001297,Driver,Male
10CA0001056,Driver,Female
10CA0001056,Passenger,Female
10CA0001056,Passenger,Female
10CA0001056,Passenger,Male
10CA0001060,Pedestrian,Female
10CA0001060,Pedestrian,Female
10CA0001060,Pedestrian,Female
10CA0001595,Driver,Male
10AA0001155,Pedestrian,Male
10AA0001155,Driver,Male
10BA0001172,Passenger,Female
10CA0001181,Driver,Male
10CA0001476,Driver,Male
10CA0001476,Passenger,Female
10CA0001476,Passenger,Female
10CA0001752,Driver,Female
10CA0001752,Passenger,Male
10AA0001149,Pedestrian,Male
10BA0001190,Driver,Female
10BA0001190,Passenger,Male
10BA0001190,Passenger,Female
10BA0001335,Driver,Male
10BA0001335,Driver,Male
10CA0001175,Driver,Male
10CA0001920,Driver,Male
10AA0001209,Driver,Male
10AA0001701,Pedestrian,Male
10CA0001262,Pedestrian,Female
10CA0001329,Driver,Female
10CA0001329,Passenger,Female
10CA0001329,Passenger,Female
10CA0001329,Passenger,Female
10CA0001329,Passenger,Male
10CA0001329,Passenger,Female
10AA0001236,Driver,Male
10AA0001267,Passenger,Female
10CA0001222,Pedestrian,Male
10CA0001222,Pedestrian,Female
10CA0001271,Passenger,Female
10CA0001300,Driver,Male
10CA0001413,Pedestrian,Female
10MU0001215,Passenger,Female
10MU0001289,Driver,Male
10AA0001235,Pedestrian,Male
10AA0001446,Pedestrian,Female
10CA0001322,Driver,Male
10CA0001333,Driver,Male
10CA0001333,Passenger,Female
10BA0001326,Pedestrian,Male
10MU0001261,Driver,Male
10BA0001328,Passenger,Female
10MU0001281,Driver,Female
10MU0001361,Driver,Male
10MU0001361,Passenger,Male
10MU0001361,Passenger,Male
10MU0001361,Passenger,Male
10MU0001319,Driver,Male
10MU0001319,Driver,Female
10MU0001319,Passenger,Female
10AA0001350,Driver,Male
10AA0001531,Pedestrian,Female
10AA0002067,Pedestrian,Female
10CA0001400,Driver,Male
10AA0001362,Driver,Male
10AA0001437,Driver,Male
10BA0001375,Driver,Male
10CA0001445,Driver,Male
10CA0001458,Pedestrian,Male
10AA0001396,Pedestrian,Male
10AA0001434,Pedestrian,Male
10AA0001676,Driver,Male
10AA0082105,Driver,Female
10BA0001411,Passenger,Female
10BA0002459,Driver,Male
10CA0001408,Passenger,Female
10CA0001417,Driver,Male
10CA0001443,Passenger,Female
10CA0001443,Driver,Female
10CA0001443,Driver,Male
10AA0001397,Driver,Female
10AA0001622,Driver,Male
10CA0001452,Driver,Male
10CA0001459,Driver,Male
10CA0001459,Passenger,Female
10CA0001716,Passenger,Female
10AA0001435,Driver,Male
10AA0001435,Passenger,Female
10AA0001435,Passenger,Female
10AA0001438,Driver,Male
10AA0001532,Driver,Male
10AA0001532,Passenger,Male
10BA0001433,Pedestrian,Male
10BA0001454,Driver,Female
10BA0001454,Driver,Female
10BA0001454,Passenger,Female
10CA0001620,Driver,Female
10AA0001453,Driver,Female
10AA0001453,Passenger,Female
10AA0001453,Passenger,Male
10AA0001453,Passenger,Male
10BA0001845,Driver,Female
10BA0001845,Driver,Male
10BA0001845,Passenger,Male
10BA0001845,Passenger,Male
10BA0001845,Passenger,Male
10CA0001456,Driver,Male
10CA0001456,Pedestrian,Female
10CA0001754,Pedestrian,Male
10CA0001515,Driver,Male
10AA0001552,Driver,Male
10AA0001570,Pedestrian,Male
10AA0001577,Driver,Male
10AA0001626,Driver,Female
10AA0001638,Pedestrian,Male
10BA0001602,Driver,Female
10BA0001605,Passenger,Male
10BA0001623,Driver,Female
10BA0001625,Pedestrian,Male
10CA0001567,Passenger,Female
10CA0001709,Driver,Male
10CA0001709,Driver,Male
10AA0001548,Passenger,Female
10AA0001635,Pedestrian,Female
10BA0001535,Driver,Male
10BA0001689,Driver,Female
10BA0001689,Passenger,Female
10BA0001689,Passenger,Male
10CA0001576,Driver,Female
10CA0001576,Passenger,Male
10MU0001656,Driver,Male
10AA0001598,Driver,Male
10AA0001598,Passenger,Female
10AA0001598,Passenger,Male
10AA0001614,Driver,Male
10AA0001630,Driver,Male
10BA0001673,Pedestrian,Male
10BA0001685,Driver,Male
10CA0001596,Driver,Male
10CA0001672,Driver,Female
10CA0001758,Driver,Male
10AA0001621,Driver,Female
10AA0001694,Driver,Male
10BA0001687,Pedestrian,Female
10BA0002219,Passenger,Male
10CA0001713,Driver,Female
10BA0001702,Driver,Male
10BA0001702,Passenger,Female
10CA0001926,Driver,Male
10CA0001926,Passenger,Male
10CA0001926,Passenger,Male
10MU0001700,Driver,Male
10AA0002071,Pedestrian,Female
10BA0001665,Passenger,Female
10BA0001934,Pedestrian,Male
10BA0002235,Driver,Male
10BA0002235,Driver,Male
10BA0002235,Passenger,Male
10BA0002235,Passenger,Male
10BA0002235,Passenger,Female
10MU0001832,Passenger,Male
10AA0001714,Passenger,Female
10AA0001735,Pedestrian,Male
10AA0001766,Driver,Female
10AA0001774,Driver,Male
10BA0002293,Driver,Female
10MU0002013,Driver,Female
10BA0001736,Driver,Male
10BA0001736,Driver,Female
10CA0001764,Passenger,Female
10CA0001924,Driver,Male
10MU0001750,Driver,Female
10AA0001822,Driver,Male
10AA0002103,Driver,Male
10BA0001837,Passenger,Female
10CA0001757,Pedestrian,Male
10CA0001768,Driver,Male
10CA0001811,Passenger,Male
10CA0001813,Driver,Male
10CA0001813,Driver,Male
10CA0001813,Passenger,Female
10CA0001813,Passenger,Male
10CA0001813,Passenger,Male
10CA0001813,Passenger,Female
10CA0001933,Passenger,Male
10AA0001805,Driver,Female
10AA0001918,Passenger,Male
10AA0002171,Driver,Male
10AA0002221,Driver,Male
10BA0001930,Driver,Female
10CA0001796,Pedestrian,Male
10MU0001815,Driver,Female
10AA0002501,Driver,Male
10BA0001821,Pedestrian,Female
10CA0001872,Pedestrian,Male
10CA0002041,Driver,Male
10CA0002041,Passenger,Female
10AA0001949,Driver,Male
10BA0001840,Driver,Female
10BA0002216,Pedestrian,Male
10CA0001846,Driver,Male
10BA0001824,Driver,Female
10BA0001824,Driver,Female
10BA0001824,Passenger,Female
10BA0001867,Driver,Male
10BA0002227,Driver,Male
10CA0001835,Driver,Male
10CA0001835,Driver,Male
10AA0001955,Driver,Male
10BA0001819,Driver,Female
10AA0001927,Passenger,Female
10AA0002101,Driver,Male
10BA0001917,Driver,Female
10BA0001919,Driver,Male
10BA0001925,Pedestrian,Male
10BA0002043,Driver,Female
10AA0001981,Passenger,Female
10AA0002075,Passenger,Male
10AA0002084,Driver,Male
10AA0002096,Driver,Male
10AA0002096,Passenger,Male
10AA0002096,Passenger,Male
10AA0002096,Passenger,Male
10BA0002028,Driver,Male
10BA0002028,Driver,Male
10BA0002032,Driver,Female
10BA0002035,Driver,Male
10BA0002363,Passenger,Male
10CA0001922,Pedestrian,Female
10CA0001937,Passenger,Male
10AA0002070,Pedestrian,Male
10AA0002072,Passenger,Male
10AA0002077,Pedestrian,Female
10CA0001991,Driver,Male
10CA0002111,Driver,Male
10AA0002078,Driver,Male
10AA0002078,Pedestrian,Male
10AA0002089,Driver,Female
10AA0002089,Passenger,Male
10AA0002185,Pedestrian,Male
10BA0002030,Driver,Male
10BA0002085,Driver,Male
10BA0002085,Driver,Female
10BA0002139,Driver,Female
10CA0002001,Driver,Male
10CA0002040,Driver,Male
10MU0002003,Driver,Male
10AA0002113,Driver,Male
10BA0002068,Driver,Male
10MU0002002,Driver,Male
10MU0002002,Passenger,Female
10MU0002056,Driver,Male
10MU0002056,Passenger,Female
10MU0002056,Passenger,Female
10BA0002081,Driver,Female
10BA0002266,Driver,Male
10CA0002074,Passenger,Female
10CA0002214,Driver,Male
10CA0002341,Driver,Male
10BA0002151,Driver,Male
10CA0002128,Driver,Male
10CA0002166,Pedestrian,Female
10BA0002228,Driver,Male
10BA0003378,Driver,Male
10CA0002186,Passenger,Female
10CA0002292,Driver,Male
10CA0002292,Passenger,Female
10CA0002292,Passenger,Female
10CA0002343,Passenger,Female
10CA0002343,Passenger,Female
10CA0002343,Passenger,Female
10MU0002161,Driver,Female
10BA0002220,Driver,Female
10BA0002286,Driver,Female
10BA0002286,Passenger,Female
10CA0002177,Driver,Female
10MU0002211,Driver,Female
10MU0002211,Driver,Male
10AA0002168,Driver,Female
10AA0002173,Driver,Male
10AA0002173,Driver,Male
10AA0002244,Pedestrian,Male
10BA0002299,Pedestrian,Female
10BA0002313,Driver,Male
10BA0002313,Driver,Male
10BA0002313,Passenger,Male
10BA0002423,Driver,Female
10BA0126930,Driver,Male
10CA0002250,Pedestrian,Male
10AA0002233,Driver,Male
10AA0002233,Passenger,Female
10AA0002233,Driver,Male
10AA0002233,Passenger,Male
10AA0002245,Driver,Male
10AA0002317,Driver,Male
10AA0002320,Passenger,Female
10BA0002218,Driver,Female
10BA0002218,Passenger,Female
10CA0002210,Pedestrian,Male
10AA0002230,Pedestrian,Male
10BA0002197,Pedestrian,Male
10BA0002239,Driver,Male
10BA0002301,Driver,Female
10CA0002206,Pedestrian,Female
10CA0002213,Driver,Male
10CA0002291,Driver,Female
10MU0002457,Passenger,Female
10BA0002372,Driver,Male
10CA0002297,Driver,Male
10CA0002302,Passenger,Male
10CA0002312,Driver,Male
10CA0002336,Passenger,Male
10AA0002368,Driver,Female
10AA0002370,Passenger,Female
10AA0003115,Driver,Male
10BA0002340,Passenger,Female
10BA0002344,Driver,Male
10BA0002380,Driver,Female
10BA0002380,Passenger,Male
10BA0002380,Passenger,Male
10MU0002347,Driver,Female
10AA0002376,Pedestrian,Female
10BA0002414,Pedestrian,Female
10BA0002417,Passenger,Female
10BA0002435,Driver,Female
10BA0002498,Driver,Female
10CA0002558,Driver,Male
10CA0002558,Passenger,Female
10AA0002387,Pedestrian,Male
10BA0002482,Driver,Male
10CA0002361,Passenger,Male
10CA0002390,Driver,Male
10CA0002392,Passenger,Female
10CA0002422,Pedestrian,Male
10CA0002468,Pedestrian,Female
10CA0002561,Driver,Female
10MU0002409,Driver,Male
10MU0002409,Driver,Male
10MU0002433,Driver,Female
10MU0002450,Driver,Female
10AA0002375,Driver,Female
10AA0002395,Driver,Male
10AA0002442,Passenger,Male
10AA0002442,Passenger,Male
10AA0002442,Driver,Male
10BA0002438,Pedestrian,Male
10BA0002454,Driver,Male
10BA0002454,Passenger,Male
10BA0002454,Passenger,Female
10BA0002464,Driver,Female
10BA0002464,Driver,Female
10BA0002473,Pedestrian,Male
10CA0002554,Driver,Male
10CA0002554,Passenger,Female
10CA0002563,Driver,Male
10AA0002360,Driver,Male
10AA0002360,Passenger,Male
10AA0002360,Passenger,Male
10AA0002360,Passenger,Male
10BA0002471,Driver,Male
10BA0003351,Passenger,Female
10BA0003451,Driver,Male
10CA0002472,Driver,Female
10CA0002472,Passenger,Female
10AA0002386,Driver,Male
10AA0002698,Driver,Male
10AA0002698,Driver,Female
10BA0002467,Pedestrian,Male
10BA0004480,Driver,Male
10CA0002743,Driver,Male
10AA0002388,Driver,Female
10AA0002388,Driver,Male
10AA0002388,Passenger,Female
10AA0002673,Driver,Female
10MU0139624,Driver,Male
10AA0002507,Driver,Female
10AA0002507,Driver,Female
10AA0002644,Driver,Male
10BA0002530,Pedestrian,Female
10MU0002531,Pedestrian,Male
10AA0002520,Driver,Male
10AA0002520,Driver,Male
10AA0002520,Passenger,Female
10AA0002520,Passenger,Female
10AA0002533,Driver,Male
10AA0002533,Driver,Male
10AA0002533,Driver,Female
10BA0002613,Driver,Male
10BA0002613,Passenger,Male
10CA0002543,Passenger,Female
10CA0002652,Driver,Male
10CA0002652,Driver,Male
10CA0002652,Passenger,Male
10MU0002547,Driver,Male
10AA0002579,Pedestrian,Male
10BA0002535,Driver,Male
10BA0002535,Driver,Female
10CA0002596,Pedestrian,Female
10CA0002609,Driver,Female
10CA0002609,Passenger,Male
10DA0002623,Driver,Male
10AA0002551,Passenger,Male
10AA0002551,Driver,Male
10AA0002551,Passenger,Male
10AA0002551,Pedestrian,Female
10BA0003461,Pedestrian,Female
10CA0002624,Driver,Male
10AA0002622,Driver,Male
10BA0002584,Pedestrian,Male
10BA0002585,Pedestrian,Male
10BA0002594,Driver,Male
10BA0002610,Driver,Male
10BA0002610,Passenger,Male
10BA0002610,Passenger,Male
10BA0002610,Passenger,Female
10BA0003100,Pedestrian,Male
10CA0002597,Driver,Female
10CA0002617,Driver,Male
10CA0002649,Passenger,Female
10CA0002649,Passenger,Male
10CA0002649,Pedestrian,Female
10AA0002660,Driver,Female
10AA0002660,Driver,Female
10BA0002741,Driver,Male
10AA0002863,Passenger,Male
10BA0002631,Passenger,Female
10BA0003585,Driver,Female
10BA0003585,Passenger,Female
10AA0002708,Driver,Female
10AA0002708,Driver,Female
10AA0002718,Driver,Male
10BA0002830,Driver,Male
10AA0002690,Driver,Male
10AA0002736,Passenger,Male
10AA0002736,Passenger,Female
10AA0002736,Passenger,Male
10AA0002736,Passenger,Female
10BA0002693,Driver,Male
10BA0003376,Driver,Female
10BA0003376,Driver,Female
10CA0002731,Pedestrian,Male
10CA0002735,Driver,Male
10CA0002738,Pedestrian,Female
10CA0002787,Driver,Female
10CA0002814,Passenger,Female
10MU0002737,Driver,Female
10AA0002745,Driver,Male
10CA0002727,Pedestrian,Male
10BA0002809,Passenger,Female
10BA0003816,Pedestrian,Female
10BA0003816,Pedestrian,Female
10BA0157603,Driver,Female
10BA0157603,Passenger,Male
10CA0002832,Pedestrian,Male
10AA0002828,Driver,Male
10AA0002828,Passenger,Male
10AA0003148,Driver,Male
10BA0002812,Driver,Male
10AA0002821,Driver,Male
10BA0002835,Driver,Female
10BA0002859,Driver,Male
10BA0002864,Passenger,Male
10CA0002829,Pedestrian,Female
10CA0160378,Pedestrian,Male
10AA0002817,Driver,Male
10AA0002907,Driver,Male
10CA0002881,Driver,Male
10CA0002883,Pedestrian,Male
10AA0002877,Passenger,Female
10AA0002877,Passenger,Female
10AA0002909,Pedestrian,Male
10BA0002987,Driver,Male
10CA0002851,Driver,Female
10CA0002898,Driver,Male
10CA0002898,Passenger,Female
10CA0003077,Driver,Male
10AA0002892,Driver,Male
10AA0002911,Pedestrian,Female
10AA0002933,Driver,Male
10AA0003106,Driver,Female
10BA0003171,Driver,Male
10BA0003171,Driver,Female
10BA0003460,Pedestrian,Male
10CA0002912,Pedestrian,Male
10CA0002944,Driver,Male
10CA0002979,Pedestrian,Male
10AA0002998,Driver,Male
10BA0003368,Driver,Male
10CA0002928,Pedestrian,Male
10CA0002949,Driver,Male
10CA0002997,Pedestrian,Female
10CA0003045,Pedestrian,Female
10DA0002964,Driver,Female
10DA0002964,Passenger,Female
10BA0002939,Driver,Male
10BA0002977,Driver,Male
10BA0002977,Driver,Female
10BA0003001,Driver,Female
10BA0003001,Driver,Male
10BA0005780,Passenger,Male
10CA0002954,Driver,Female
10CA0002954,Passenger,Female
10CA0002954,Passenger,Female
10CA0003659,Driver,Male
10AA0002993,Pedestrian,Male
10BA0002983,Driver,Male
10BA0002983,Passenger,Female
10BA0002983,Passenger,Female
10MU0003046,Passenger,Female
10AA0003007,Driver,Male
10AA0003012,Pedestrian,Female
10AA0003024,Pedestrian,Female
10AA0003098,Driver,Male
10AA0003098,Driver,Female
10BA0003088,Driver,Female
10CA0003006,Pedestrian,Male
10CA0003061,Driver,Female
10CA0003061,Driver,Male
10CA0003192,Driver,Female
10AA0003042,Passenger,Male
10BA0003067,Driver,Male
10BA0003097,Driver,Female
10BA0003097,Driver,Male
10BA0003123,Passenger,Female
10BA0003123,Passenger,Male
10BA0003123,Passenger,Female
10BA0003124,Pedestrian,Male
10CA0003055,Pedestrian,Female
10CA0003105,Driver,Male
10CA0003231,Pedestrian,Female
10AA0003064,Driver,Female
10AA0003326,Passenger,Male
10AA0003326,Driver,Female
10BA0003108,Pedestrian,Female
10CA0003109,Driver,Male
10CA0003239,Passenger,Female
10CA0003307,Driver,Male
10CA0003307,Pedestrian,Male
10MU0003215,Passenger,Female
10AA0003102,Pedestrian,Female
10AA0003116,Driver,Female
10AA0003116,Passenger,Female
10BA0003908,Driver,Male
10BA0003908,Passenger,Female
10CA0003198,Pedestrian,Female
10MU0003290,Passenger,Female
10AA0003107,Passenger,Male
10AA0003127,Pedestrian,Male
10AA0003252,Driver,Male
10AA0003252,Passenger,Female
10CA0003113,Driver,Female
10CA0003165,Driver,Female
10CA0003201,Passenger,Female
10CA0003201,Passenger,Female
10MU0003225,Driver,Female
10AA0003095,Pedestrian,Male
10AA0003332,Driver,Female
10AA0003332,Passenger,Female
10AA0003377,Passenger,Female
10BA0003159,Driver,Male
10BA0004198,Driver,Male
10CA0003158,Driver,Female
10AA0003470,Driver,Male
10AA0003470,Driver,Female
10AA0003470,Passenger,Male
10BA0003177,Driver,Male
10BA0003199,Driver,Male
10BA0003199,Passenger,Female
10BA0003199,Passenger,Female
10BA0003199,Passenger,Male
10AA0003218,Driver,Male
10CA0003654,Driver,Male
10MU0003329,Driver,Female
10AA0003666,Pedestrian,Female
10BA0003228,Driver,Male
10BA0003361,Driver,Female
10CA0003224,Driver,Male
10CA0003265,Pedestrian,Female
10AA0003335,Driver,Male
10AA0003359,Driver,Male
10BA0003412,Passenger,Male
10BA0003806,Pedestrian,Female
10CA0003263,Driver,Male
10CA0003285,Pedestrian,Female
10CA0003292,Driver,Female
10AA0003322,Pedestrian,Male
10BA0003325,Driver,Male
10BA0003343,Driver,Male
10BA0003387,Driver,Female
10BA0003387,Passenger,Female
10CA0003321,Driver,Male
10CA0003321,Driver,Female
10CA0003327,Pedestrian,Male
10MU0003364,Driver,Female
10AA0003315,Driver,Male
10AA0003315,Driver,Female
10AA0003315,Passenger,Female
10AA0003315,Passenger,Male
10AA0003324,Driver,Female
10BA0003384,Driver,Female
10CA0003379,Driver,Female
10CA0003379,Driver,Male
10CA0003379,Passenger,Female
10CA0003379,Passenger,Female
10CA0003379,Passenger,Female
10CA0003496,Driver,Male
10CA0003568,Driver,Female
10CA0003568,Passenger,Female
10CA0003568,Passenger,Female
10CA0003568,Passenger,Female
10MU0003462,Passenger,Female
10AA0003311,Pedestrian,Male
10BA0003396,Driver,Male
10BA0003414,Driver,Male
10BA0003572,Driver,Female
10CA0003374,Driver,Female
10CA0004411,Driver,Male
10AA0003375,Passenger,Female
10AA0003375,Passenger,Male
10AA0003375,Passenger,Female
10AA0003458,Passenger,Female
10AA0003524,Driver,Male
10BA0003336,Driver,Male
10BA0003336,Driver,Male
10BA0003356,Pedestrian,Male
10BA0003415,Driver,Male
10BA0003415,Passenger,Female
10BA0003514,Pedestrian,Female
10BA0003576,Pedestrian,Female
10CA0003348,Pedestrian,Male
10MU0003472,Driver,Male
10AA0003459,Driver,Male
10AA0003459,Driver,Male
10AA0003676,Driver,Female
10BA0003457,Driver,Male
10CA0003439,Pedestrian,Female
10BA0196118,Pedestrian,Female
10CA0003477,Driver,Male
10CA0003477,Passenger,Female
10CA0004300,Pedestrian,Male
10AA0004038,Driver,Male
10AA0004041,Driver,Male
10BA0003538,Driver,Male
10BA0003560,Pedestrian,Female
10CA0003522,Driver,Male
10CA0003547,Pedestrian,Male
10AA0003504,Driver,Male
10AA0003646,Driver,Male
10AA0003646,Passenger,Male
10BA0003535,Driver,Male
10BA0003535,Passenger,Male
10BA0003561,Pedestrian,Male
10BA0003584,Driver,Female
10BA0003584,Passenger,Female
10CA0003605,Driver,Female
10CA0003732,Driver,Male
10CA0003732,Passenger,Male
10AA0003603,Driver,Female
10AA0003603,Driver,Female
10AA0003603,Passenger,Female
10BA0003515,Pedestrian,Male
10BA0003569,Driver,Male
10BA0003569,Passenger,Female
10CA0003577,Driver,Male
10CA0003611,Driver,Female
10AA0003579,Driver,Male
10AA0003579,Driver,Male
10AA0003579,Passenger,Female
10BA0003587,Driver,Male
10BA0003616,Passenger,Female
10AA0003635,Driver,Male
10AA0003660,Pedestrian,Female
10CA0003639,Driver,Male
10CA0003730,Driver,Male
10CA0003733,Driver,Male
10AA0003618,Passenger,Female
10AA0003650,Pedestrian,Male
10AA0003657,Driver,Male
10AA0003663,Passenger,Female
10AA0003678,Passenger,Female
10BA0003765,Driver,Male
10CA0003679,Pedestrian,Male
10AA0003692,Passenger,Female
10AA0003720,Driver,Male
10AA0003741,Driver,Female
10AA0003869,Driver,Male
10BA0003658,Driver,Male
10BA0003658,Driver,Female
10BA0003658,Passenger,Female
10BA0207610,Driver,Male
10CA0003689,Driver,Male
10CA0003780,Passenger,Male
10AA0004015,Passenger,Female
10BA0003718,Driver,Male
10CA0003739,Pedestrian,Male
10AA0003872,Driver,Male
10BA0003821,Driver,Female
10CA0003787,Driver,Male
10CA0003787,Driver,Male
10CA0003881,Driver,Male
10MU0003833,Driver,Male
10BA0003812,Driver,Male
10CA0003979,Driver,Male
10AA0003743,Passenger,Female
10AA0003743,Passenger,Male
10AA0004036,Driver,Male
10BA0003798,Driver,Male
10BA0003825,Driver,Male
10BA0003825,Passenger,Female
10MU0003814,Driver,Female
10MU0003814,Passenger,Female
10BA0003805,Driver,Male
10BA0003813,Driver,Male
10BA0003813,Driver,Female
10BA0003813,Passenger,Male
10BA0003841,Passenger,Male
10BA0003841,Passenger,Male
10CA0003836,Driver,Male
10AA0003875,Driver,Male
10AA0003875,Driver,Male
10BA0003867,Driver,Female
10BA0003867,Passenger,Female
10CA0003839,Driver,Male
10CA0003839,Driver,Female
10CA0003839,Passenger,Male
10CA0003839,Passenger,Female
10CA0003839,Passenger,Female
10CA0003839,Passenger,Female
10MU0004133,Driver,Female
10AA0003984,Pedestrian,Male
10AA0004006,Driver,Male
10AA0004030,Pedestrian,Male
10BA0003864,Driver,Female
10BA0003989,Passenger,Male
10CA0003863,Passenger,Male
10AA0003987,Driver,Male
10BA0003940,Driver,Male
10BA0003946,Driver,Male
10BA0003990,Pedestrian,Male
10BA0003991,Driver,Male
10BA0004009,Driver,Male
10BA0004031,Driver,Male
10CA0003980,Passenger,Female
10CA0004003,Driver,Male
10CA0004046,Driver,Female
10MU0004070,Driver,Female
10AA0003985,Driver,Male
10AA0004829,Driver,Female
10BA0003981,Driver,Male
10BA0004013,Driver,Female
10BA0004017,Pedestrian,Male
10BA0004032,Pedestrian,Female
10CA0003969,Pedestrian,Female
10CA0003993,Driver,Male
10AA0003988,Driver,Female
10AA0003988,Driver,Male
10AA0003988,Passenger,Male
10AA0003988,Passenger,Male
10AA0005095,Driver,Female
10AA0005095,Passenger,Female
10BA0003982,Passenger,Female
10BA0003998,Driver,Male
10BA0003998,Passenger,Male
10BA0003998,Passenger,Female
10BA0004035,Driver,Female
10BA0004035,Passenger,Female
10BA0004039,Driver,Male
10BA0004039,Passenger,Female
10BA0004039,Passenger,Female
10CA0003942,Driver,Male
10CA0003968,Driver,Female
10MU0005777,Driver,Male
10MU0005777,Passenger,Female
10AA0003996,Driver,Male
10AA0003996,Driver,Male
10AA0004252,Driver,Male
10BA0004196,Driver,Male
10BA0004196,Driver,Female
10CA0003986,Pedestrian,Male
10CA0004101,Driver,Female
10AA0003945,Driver,Male
10AA0004284,Driver,Male
10BA0004150,Driver,Male
10BA0004153,Driver,Male
10MU0004061,Driver,Male
10MU0004061,Driver,Female
10AA0004096,Driver,Female
10AA0004367,Passenger,Female
10BA0004140,Pedestrian,Female
10CA0004021,Pedestrian,Female
10CA0004044,Driver,Male
10CA0004044,Driver,Female
10CA0004059,Driver,Female
10CA0004059,Passenger,Female
10AA0004071,Driver,Female
10AA0005740,Driver,Male
10BA0004123,Driver,Male
10BA0004123,Passenger,Female
10BA0004197,Pedestrian,Female
10BA0004519,Driver,Female
10BA0004519,Passenger,Male
10BA0004519,Driver,Female
10AA0004590,Passenger,Male
10BA0004135,Driver,Male
10BA0004135,Passenger,Male
10BA0004159,Driver,Female
10AA0004083,Driver,Male
10AA0004173,Driver,Male
10AA0004177,Driver,Male
10AA0004177,Driver,Male
10AA0004224,Driver,Male
10BA0004128,Driver,Female
10BA0004129,Driver,Male
10BA0004129,Passenger,Male
10BA0004129,Passenger,Female
10BA0004152,Driver,Male
10BA0004157,Pedestrian,Female
10BA0004214,Pedestrian,Female
10MU0004725,Driver,Female
10MU0004725,Passenger,Female
10MU0004725,Passenger,Female
10BA0004124,Driver,Male
10BA0004125,Driver,Male
10BA0004125,Driver,Male
10CA0004122,Driver,Male
10CA0004122,Passenger,Male
10CA0004122,Passenger,Female
10CA0004122,Passenger,Male
10CA0004156,Driver,Female
10CA0004156,Pedestrian,Female
10CA0004242,Driver,Female
10MU0004172,Driver,Male
10MU0004172,Passenger,Male
10MU0004178,Driver,Male
10MU0004178,Passenger,Female
10AA0004258,Driver,Male
10MU0004185,Driver,Male
10AA0004174,Passenger,Female
10AA0004203,Driver,Male
10AA0004203,Driver,Male
10AA0004244,Driver,Female
10BA0004144,Driver,Male
10BA0004144,Passenger,Male
10BA0004213,Driver,Female
10BA0004225,Driver,Female
10MU0004602,Driver,Male
10AA0004254,Driver,Female
10AA0004256,Driver,Female
10AA0004278,Driver,Male
10AA0004375,Driver,Female
10AA0004375,Driver,Female
10CA0004239,Passenger,Female
10CA0004290,Driver,Female
10CA0004290,Driver,Female
10CA0004290,Passenger,Female
10AA0004210,Passenger,Female
10AA0004243,Driver,Male
10AA0004243,Driver,Male
10AA0004243,Passenger,Male
10AA0004243,Passenger,Male
10BA0004217,Driver,Male
10BA0004341,Driver,Male
10BA0004373,Driver,Male
10CA0004263,Driver,Male
10CA0004279,Driver,Male
10CA0004279,Passenger,Male
10CA0004279,Passenger,Male
10AA0005475,Passenger,Male
10BA0004339,Pedestrian,Male
10BA0004365,Driver,Female
10BA0004371,Driver,Female
10BA0004371,Passenger,Female
10BA0004371,Passenger,Male
10CA0004317,Pedestrian,Female
10CA0004388,Pedestrian,Male
10BA0241025,Driver,Male
10CA0004260,Pedestrian,Male
10CA0004285,Driver,Female
10MU0004310,Driver,Male
10MU0004310,Passenger,Male
10MU0004323,Driver,Male
10MU0004418,Driver,Male
10AA0004343,Driver,Male
10AA0004364,Passenger,Male
10AA0004382,Driver,Female
10AA0004382,Driver,Male
10CA0004270,Passenger,Male
10CA0004301,Driver,Male
10AA0004374,Pedestrian,Male
10AA0004424,Pedestrian,Female
10AA0004443,Driver,Female
10AA0004443,Driver,Male
10BA0004503,Driver,Male
10BA0004503,Driver,Female
10CA0004331,Passenger,Male
10CA0004447,Pedestrian,Female
10AA0004344,Driver,Male
10BA0004410,Driver,Male
10BA0006990,Passenger,Male
10AA0004423,Driver,Male
10AA0004423,Driver,Female
10AA0004423,Passenger,Male
10AA0004423,Passenger,Male
10AA0004446,Driver,Female
10AA0004446,Driver,Male
10AA0004521,Driver,Male
10BA0004392,Passenger,Male
10BA0004396,Driver,Male
10BA0004396,Passenger,Male
10BA0004409,Driver,Male
10BA0004415,Driver,Male
10CA0004353,Passenger,Female
10CA0004381,Driver,Female
10CA0004391,Passenger,Male
10CA0004504,Driver,Male
10CA0004504,Driver,Male
10AA0004438,Passenger,Male
10AA0004945,Driver,Male
10BA0004416,Driver,Male
10BA0004489,Driver,Male
10CA0004485,Pedestrian,Male
10CA0004496,Driver,Male
10CA0004507,Driver,Male
10CA0004507,Pedestrian,Female
10BA0004478,Pedestrian,Male
10BA0004493,Driver,Male
10BA0004499,Driver,Male
10BA0004499,Driver,Male
10BA0004951,Driver,Female
10BA0004951,Passenger,Female
10BA0006989,Passenger,Female
10BA0006989,Passenger,Female
10CA0004487,Driver,Male
10CA0004487,Driver,Male
10MU0004501,Driver,Male
10MU0004502,Driver,Female
10AA0004482,Pedestrian,Male
10BA0004465,Passenger,Female
10BA0004465,Passenger,Female
10BA0006540,Driver,Male
10BA0006540,Driver,Male
10AA0004454,Driver,Male
10AA0004454,Driver,Female
10AA0004468,Driver,Male
10AA0004468,Passenger,Female
10AA0004582,Driver,Male
10MU0004529,Driver,Male
10AA0004527,Driver,Male
10AA0004527,Driver,Male
10AA0004527,Passenger,Female
10AA0004547,Driver,Male
10AA0004557,Driver,Female
10BA0004575,Driver,Male
10BA0004575,Driver,Male
10BA0004575,Passenger,Male
10BA0004594,Pedestrian,Female
10CA0004567,Pedestrian,Female
10MU0004600,Driver,Female
10MU0004600,Driver,Male
10BA0004578,Driver,Male
10BA0004578,Passenger,Female
10BA0004586,Passenger,Female
10BA0004638,Driver,Male
10BA0004729,Driver,Male
10CA0004616,Pedestrian,Male
10MU0004645,Driver,Female
10AA0004579,Driver,Female
10AA0004584,Driver,Male
10AA0004972,Driver,Female
10AA0004972,Driver,Male
10AA0004972,Passenger,Male
10BA0004593,Driver,Female
10CA0004581,Pedestrian,Female
10CA0004589,Passenger,Female
10CA0004607,Driver,Male
10CA0004756,Driver,Female
10MU0004723,Driver,Male
10MU0004723,Driver,Male
10MU0004723,Driver,Female
10MU0004723,Driver,Male
10MU0004723,Passenger,Male
10MU0004723,Passenger,Male
10AA0004642,Driver,Male
10AA0004662,Passenger,Female
10BA0004630,Passenger,Male
10BA0004693,Passenger,Female
10BA0004937,Driver,Male
10MU0004644,Driver,Female
10AA0004920,Driver,Female
10MU0004643,Passenger,Female
10MU0004643,Passenger,Male
10AA0004691,Driver,Male
10BA0004715,Pedestrian,Female
10CA0004637,Driver,Male
10CA0004637,Driver,Female
10MU0004779,Driver,Male
10AA0004722,Driver,Female
10AA0004722,Passenger,Female
10BA0004726,Driver,Female
10CA0004701,Passenger,Female
10CA0004794,Driver,Male
10CA0004794,Passenger,Female
10CA0004796,Driver,Female
10MU0004732,Driver,Male
10AA0004752,Driver,Female
10BA0004751,Driver,Male
10CA0004758,Pedestrian,Male
10CA0004770,Driver,Female
10CA0004884,Driver,Male
10CA0004884,Passenger,Female
10AA0004780,Driver,Male
10BA0004748,Pedestrian,Female
10BA0004839,Driver,Female
10BA0004841,Driver,Female
10BA0004847,Driver,Female
10BA0004847,Driver,Male
10BA0004903,Driver,Female
10BA0004903,Passenger,Female
10CA0004999,Driver,Male
10AA0004785,Driver,Male
10BA0004803,Driver,Male
10MU0004797,Passenger,Female
10AA0005075,Driver,Male
10BA0004804,Driver,Male
10BA0004804,Passenger,Female
10CA0004806,Passenger,Male
10CA0004882,Driver,Male
10CA0004882,Passenger,Female
10CA0004882,Passenger,Female
10CA0004882,Passenger,Female
10AA0004802,Driver,Female
10AA0004928,Driver,Female
10AA0004928,Passenger,Female
10AA0004928,Passenger,Female
10AA0004928,Passenger,Female
10AA0004934,Driver,Male
10CA0004915,Passenger,Female
10CA0004915,Passenger,Female
10AA0004935,Driver,Male
10AA0004935,Passenger,Female
10AA0004831,Driver,Male
10AA0004831,Driver,Male
10AA0004831,Passenger,Female
10AA0004831,Passenger,Female
10AA0004890,Pedestrian,Male
10BA0004881,Driver,Male
10BA0004896,Driver,Female
10BA0004897,Driver,Male
10BA0004897,Passenger,Male
10BA0004901,Driver,Male
10BA0004902,Driver,Male
10BA0004902,Passenger,Male
10BA0004902,Passenger,Male
10BA0004904,Passenger,Male
10BA0004910,Passenger,Female
10CA0004888,Driver,Male
10AA0004938,Driver,Male
10AA0278852,Pedestrian,Male
10MU0005013,Driver,Female
10MU0005013,Passenger,Female
10AA0004964,Driver,Female
10BA0004965,Driver,Male
10BA0004965,Pedestrian,Female
10BA0004968,Passenger,Male
10AA0005063,Driver,Male
10CA0005036,Driver,Female
10CA0005036,Passenger,Female
10CA0005036,Driver,Male
10CA0005036,Passenger,Female
10MU0005011,Driver,Male
10MU0005011,Passenger,Female
10MU0005011,Passenger,Female
10MU0005033,Passenger,Female
10MU0005037,Driver,Male
10MU0005037,Driver,Female
10AA0004958,Driver,Male
10AA0004963,Driver,Male
10AA0004963,Driver,Male
10AA0004963,Passenger,Male
10AA0004971,Driver,Male
10AA0004971,Passenger,Male
10AA0004971,Passenger,Male
10AA0005101,Driver,Male
10BA0005146,Driver,Male
10BA0005146,Driver,Male
10CA0004997,Pedestrian,Male
10CA0005014,Driver,Female
10CA0005658,Driver,Female
10AA0005118,Pedestrian,Female
10BA0005008,Driver,Male
10BA0005038,Pedestrian,Female
10BA0005157,Passenger,Male
10MU0005057,Driver,Male
10MU0005060,Driver,Male
10MU0005060,Passenger,Female
10AA0005070,Driver,Male
10AA0005070,Passenger,Female
10AA0005110,Driver,Male
10BA0005006,Driver,Male
10BA0005028,Driver,Male
10BA0005039,Passenger,Female
10BA0005064,Passenger,Male
10BA0005073,Passenger,Female
10BA0005076,Driver,Male
10CA0006321,Driver,Female
10CA0006321,Passenger,Female
10MU0005058,Driver,Male
10AA0005049,Driver,Male
10AA0005052,Pedestrian,Male
10AA0005062,Driver,Male
10AA0005355,Driver,Male
10BA0005068,Driver,Male
10BA0005068,Passenger,Male
10BA0005068,Passenger,Female
10BA0005068,Passenger,Female
10CA0005085,Pedestrian,Female
10MU0005111,Driver,Female
10CA0005087,Pedestrian,Male
10CA0005093,Driver,Female
10CA0005189,Driver,Female
10MU0005109,Passenger,Male
10MU0005109,Passenger,Female
10AA0005133,Driver,Female
10AA0005144,Passenger,Female
10AA0005156,Driver,Male
10AA0005156,Passenger,Male
10BA0005168,Driver,Male
10CA0005143,Driver,Male
10CA0005145,Driver,Female
10MU0005154,Driver,Male
10MU0005154,Passenger,Female
10AA0005120,Driver,Female
10AA0005155,Driver,Male
10AA0005155,Passenger,Male
10AA0005155,Passenger,Male
10BA0005845,Driver,Female
10BA0005845,Passenger,Male
10BA0005845,Passenger,Female
10BA0005845,Passenger,Male
10AA0005126,Driver,Female
10AA0005137,Driver,Male
10BA0005177,Pedestrian,Male
10BA0005187,Driver,Female
10BA0005187,Pedestrian,Female
10CA0005131,Pedestrian,Male
10AA0005326,Pedestrian,Male
10BA0005169,Driver,Male
10BA0005169,Passenger,Female
10BA0005169,Passenger,Female
10CA0005172,Driver,Male
10CA0005172,Passenger,Male
10CA0005206,Pedestrian,Female
10AA0005207,Driver,Male
10AA0005218,Driver,Female
10AA0005218,Passenger,Female
10AA0005243,Driver,Female
10AA0005243,Passenger,Female
10BA0005236,Driver,Female
10MU0005205,Driver,Female
10AA0005213,Driver,Male
10AA0005216,Driver,Male
10AA0005220,Driver,Female
10AA0005220,Driver,Female
10AA0005222,Driver,Female
10AA0005222,Driver,Male
10BA0005233,Driver,Male
10BA0005233,Driver,Male
10BA0005233,Passenger,Male
10BA0005244,Driver,Male
10BA0005258,Passenger,Female
10BA0005364,Driver,Male
10CA0005214,Passenger,Female
10CA0005276,Driver,Male
10AA0005242,Passenger,Male
10AA0005261,Passenger,Female
10AA0005261,Passenger,Male
10BA0005264,Driver,Male
10CA0005234,Passenger,Female
10MU0005328,Driver,Female
10AA0005277,Driver,Male
10AA0005320,Driver,Female
10AA0005343,Driver,Female
10BA0005287,Driver,Female
10BA0005287,Driver,Male
10CA0005245,Passenger,Female
10CA0005283,Driver,Male
10BA0005294,Pedestrian,Female
10BA0005295,Pedestrian,Female
10BA0005322,Driver,Male
10CA0005340,Driver,Male
10AA0005300,Driver,Male
10AA0005700,Driver,Male
10BA0005298,Pedestrian,Male
10BA0005301,Pedestrian,Male
10BA0005310,Driver,Male
10MU0005302,Driver,Male
10MU0005317,Driver,Male
10MU0005317,Passenger,Male
10MU0005317,Passenger,Male
10MU0005317,Passenger,Male
10MU0005317,Passenger,Male
10MU0005317,Passenger,Male
10MU0005317,Passenger,Male
10MU0005317,Passenger,Male
10MU0005317,Passenger,Male
10MU0005317,Passenger,Male
10MU0005317,Passenger,Male
10MU0005317,Passenger,Male
10MU0005347,Driver,Female
10MU0005347,Passenger,Male
10AA0005496,Driver,Male
10AA0005496,Passenger,Male
10BA0005357,Driver,Male
10CA0005338,Pedestrian,Female
10CA0006094,Pedestrian,Male
10MU0005330,Driver,Male
10BA0005617,Driver,Male
10BA0005617,Passenger,Male
10CA0005384,Pedestrian,Male
10MU0005361,Driver,Female
10MU0005361,Passenger,Male
10AA0005362,Driver,Male
10AA0005362,Passenger,Female
10AA0005367,Pedestrian,Male
10AA0005460,Passenger,Female
10BA0005359,Driver,Female
10BA0005375,Driver,Male
10BA0005425,Pedestrian,Male
10CA0005374,Pedestrian,Female
10CA0005379,Pedestrian,Male
10CA0005381,Driver,Male
10MU0005438,Driver,Male
10MU0005438,Passenger,Male
10AA0005393,Driver,Male
10AA0005393,Passenger,Female
10AA0005393,Passenger,Male
10AA0005393,Passenger,Male
10AA0005393,Passenger,Male
10BA0005378,Passenger,Male
10BA0005409,Driver,Male
10BA0005428,Driver,Female
10BA0005465,Driver,Male
10MU0005423,Driver,Female
10BA0005407,Driver,Female
10BA0005418,Driver,Male
10BA0005418,Passenger,Female
10CA0005471,Driver,Female
10CA0005471,Passenger,Male
10MU0005406,Driver,Female
10AA0005390,Driver,Male
10AA0005422,Passenger,Female
10AA0005422,Passenger,Male
10AA0005422,Passenger,Female
10AA0005422,Passenger,Female
10BA0005402,Passenger,Female
10BA0005402,Passenger,Male
10BA0005402,Passenger,Male
10BA0005402,Passenger,Male
10BA0005402,Passenger,Male
10BA0005402,Passenger,Female
10BA0005402,Passenger,Male
10BA0005402,Passenger,Male
10BA0005402,Passenger,Male
10BA0005402,Passenger,Male
10BA0005402,Passenger,Male
10BA0005424,Passenger,Female
10CA0005447,Driver,Male
10MU0005429,Driver,Male
10AA0005400,Driver,Male
10AA0005400,Passenger,Male
10AA0005400,Passenger,Female
10AA0005400,Driver,Male
10BA0005398,Passenger,Male
10BA0005398,Passenger,Male
10BA0005398,Passenger,Male
10CA0005466,Pedestrian,Male
10MU0005450,Passenger,Female
10BA0005454,Driver,Female
10BA0005456,Pedestrian,Male
10AA0005461,Driver,Male
10BA0005452,Driver,Male
10BA0005452,Passenger,Female
10BA0005462,Driver,Female
10BA0005462,Passenger,Male
10BA0005470,Pedestrian,Female
10BA0005474,Driver,Female
10BA0005474,Passenger,Female
10BA0005483,Driver,Male
10BA0005515,Pedestrian,Male
10CA0005467,Driver,Male
10CA0005467,Driver,Male
10CA0005469,Pedestrian,Female
10CA0324134,Driver,Male
10AA0005514,Driver,Male
10BA0005489,Driver,Male
10CA0005488,Pedestrian,Male
10CA0005490,Driver,Female
10BA0005502,Driver,Male
10BA0005758,Passenger,Male
10CA0005473,Passenger,Female
10CA0005481,Driver,Male
10CA0005481,Driver,Male
10CA0005503,Passenger,Male
10CA0005503,Passenger,Female
10CA0005503,Passenger,Female
10AA0005507,Driver,Male
10BA0005521,Driver,Male
10BA0005521,Driver,Female
10BA0005521,Driver,Female
10BA0006986,Driver,Male
10BA0006986,Driver,Male
10BA0006986,Passenger,Female
10CA0005648,Driver,Male
10AA0005497,Driver,Male
10AA0005497,Passenger,Male
10AA0005497,Passenger,Female
10AA0005504,Driver,Female
10AA0005504,Driver,Female
10AA0005504,Passenger,Female
10AA0005504,Passenger,Male
10AA0005504,Passenger,Female
10AA0005505,Driver,Female
10BA0005535,Driver,Male
10CA0005513,Driver,Male
10CA0005513,Passenger,Female
10BA0005524,Driver,Male
10CA0005522,Passenger,Female
10CA0005522,Passenger,Male
10CA0005522,Passenger,Male
10CA0005532,Driver,Male
10CA0005532,Driver,Male
10CA0005532,Passenger,Male
10CA0005532,Passenger,Male
10AA0005506,Driver,Female
10AA0005520,Driver,Male
10BA0005854,Driver,Male
10CA0005523,Driver,Male
10CA0005525,Driver,Male
10CA0005525,Passenger,Male
10CA0005530,Driver,Male
10CA0005530,Driver,Female
10CA0005530,Passenger,Female
10CA0005530,Passenger,Female
10CA0005577,Driver,Female
10CA0005577,Driver,Male
10CA0005577,Passenger,Female
10BA0005613,Driver,Male
10BA0005622,Driver,Female
10BA0005622,Passenger,Female
10BA0005622,Passenger,Male
10BA0005622,Passenger,Female
10MU0333823,Driver,Female
10AA0005560,Driver,Male
10BA0005623,Driver,Male
10CA0005561,Driver,Male
10CA0005627,Driver,Female
10CA0005627,Driver,Male
10CA0005627,Passenger,Male
10CA0005627,Passenger,Male
10AA0005580,Driver,Male
10BA0005612,Pedestrian,Male
10BA0005626,Driver,Male
10BA0005626,Passenger,Female
10BA0006165,Pedestrian,Female
10CA0005582,Driver,Male
10CA0005618,Driver,Male
10CA0005618,Passenger,Male
10AA0005629,Pedestrian,Female
10BA0005624,Driver,Male
10CA0005605,Passenger,Male
10BA0005609,Driver,Female
10BA0005610,Driver,Male
10BA0342064,Driver,Male
10CA0005884,Driver,Male
10CA0005884,Passenger,Male
10AA0005662,Driver,Male
10BA0005625,Driver,Female
10BA0005681,Pedestrian,Female
10CA0005659,Passenger,Female
10CA0005661,Driver,Male
10BA0005656,Driver,Female
10BA0005657,Pedestrian,Male
10BA0005686,Driver,Male
10BA0005698,Pedestrian,Male
10BA0005862,Pedestrian,Female
10CA0005699,Driver,Male
10AA0005729,Driver,Male
10BA0005687,Pedestrian,Female
10BA0005771,Pedestrian,Male
10BA0005863,Driver,Male
10CA0005673,Driver,Male
10CA0005722,Pedestrian,Male
10CA0006070,Driver,Male
10CA0006070,Driver,Male
10AA0005683,Driver,Female
10AA0005702,Passenger,Female
10AA0005702,Driver,Male
10AA0005702,Driver,Female
10BA0005765,Pedestrian,Female
10CA0005679,Driver,Male
10MU0005677,Passenger,Female
10MU0005688,Driver,Male
10MU0005692,Driver,Female
10MU0005694,Driver,Female
10MU0005694,Passenger,Female
10MU0005694,Passenger,Male
10AA0005684,Driver,Male
10AA0005684,Passenger,Female
10AA0005701,Driver,Male
10BA0005690,Driver,Male
10BA0005690,Pedestrian,Male
10MU0005693,Passenger,Female
10BA0005695,Pedestrian,Male
10BA0005697,Driver,Male
10BA0005745,Driver,Male
10CA0005674,Driver,Female
10CA0005674,Passenger,Female
10BA0005763,Driver,Male
10BA0005773,Passenger,Male
10BA0005773,Passenger,Male
10BA0005782,Driver,Male
10CA0005685,Pedestrian,Male
10MU0005742,Driver,Male
10MU0005742,Passenger,Male
10AA0005734,Passenger,Male
10BA0005810,Pedestrian,Female
10CA0005720,Driver,Male
10CA0005721,Driver,Male
10CA0005755,Pedestrian,Male
10CA0005759,Driver,Male
10CA0005759,Passenger,Female
10CA0006110,Driver,Male
10CA0005756,Passenger,Female
10CA0005760,Driver,Male
10CA0005783,Passenger,Male
10AA0005778,Pedestrian,Female
10AA0005790,Driver,Male
10AA0005790,Driver,Female
10BA0005757,Passenger,Female
10BA0005798,Driver,Female
10BA0005798,Driver,Female
10BA0005798,Driver,Male
10AA0005808,Passenger,Male
10BA0005811,Driver,Male
10CA0005797,Pedestrian,Male
10CA0005797,Pedestrian,Female
10CA0005799,Driver,Male
10CA0005799,Passenger,Female
10CA0005817,Driver,Male
10BA0006502,Passenger,Female
10AA0005779,Driver,Male
10AA0005813,Driver,Male
10AA0005824,Passenger,Male
10AA0005824,Passenger,Male
10BA0005807,Driver,Female
10BA0005883,Pedestrian,Male
10AA0005846,Driver,Male
10AA0005846,Passenger,Female
10AA0005846,Passenger,Female
10AA0006044,Driver,Female
10BA0005819,Passenger,Female
10BA0005823,Driver,Male
10BA0006469,Driver,Female
10CA0005791,Pedestrian,Male
10CA0005793,Pedestrian,Male
10CA0005818,Pedestrian,Female
10AA0005812,Driver,Female
10AA0005835,Pedestrian,Male
10AA0005840,Driver,Male
10AA0005860,Driver,Female
10AA0005860,Driver,Female
10BA0005746,Driver,Male
10BA0006258,Passenger,Male
10CA0005833,Pedestrian,Female
10MU0005857,Driver,Female
10AA0005972,Driver,Male
10BA0005858,Driver,Male
10BA0005859,Driver,Male
10BA0005875,Driver,Female
10CA0005814,Driver,Male
10CA0005814,Driver,Male
10CA0005839,Driver,Male
10CA0005864,Driver,Female
10CA0005864,Passenger,Female
10CA0005864,Passenger,Female
10CA0005864,Passenger,Female
10MU0005848,Driver,Female
10MU0005855,Driver,Female
10MU0005855,Driver,Male
10MU0005855,Passenger,Female
10MU0005856,Driver,Male
10MU0005856,Driver,Female
10MU0005856,Passenger,Female
10BA0005881,Driver,Male
10BA0005976,Driver,Male
10BA0005996,Driver,Female
10BA0005996,Driver,Male
10BA0005996,Passenger,Female
10MU0005915,Driver,Female
10BA0005967,Pedestrian,Female
10CA0005879,Driver,Male
10CA0005879,Driver,Female
10CA0005879,Passenger,Female
10CA0005879,Passenger,Female
10CA0005879,Passenger,Male
10CA0005923,Driver,Male
10AA0005865,Driver,Male
10BA0005878,Driver,Female
10BA0006002,Driver,Male
10BA0006002,Driver,Male
10CA0004102,Pedestrian,Male
10CA0005924,Driver,Female
10CA0006063,Passenger,Male
10AA0005866,Driver,Male
10AA0005897,Driver,Male
10AA0006031,Passenger,Male
10AA0373132,Driver,Male
10AA0373132,Driver,Male
10BA0005920,Driver,Male
10CA0005931,Driver,Male
10CA0005947,Driver,Female
10CA0005947,Driver,Male
10AA0005929,Driver,Male
10AA0005977,Driver,Male
10AA0006030,Passenger,Male
10CA0005922,Pedestrian,Male
10CA0005944,Driver,Male
10CA0005944,Driver,Male
10CA0005968,Pedestrian,Female
10MU0006051,Driver,Male
10MU0006051,Driver,Male
10MU0006051,Driver,Female
10MU0006051,Driver,Male
10AA0005970,Driver,Male
10AA0005995,Passenger,Female
10AA0005995,Passenger,Male
10CA0005945,Driver,Female
10CA0006117,Pedestrian,Female
10AA0005978,Driver,Female
10AA0005978,Driver,Female
10AA0006091,Driver,Male
10BA0005979,Driver,Male
10BA0005979,Driver,Female
10BA0005979,Passenger,Female
10BA0005979,Passenger,Female
10BA0006001,Driver,Female
10BA0006001,Passenger,Male
10BA0006163,Pedestrian,Male
10CA0005943,Driver,Male
10CA0005943,Driver,Male
10CA0005943,Passenger,Female
10CA0005943,Passenger,Male
10CA0005997,Driver,Male
10AA0005975,Driver,Male
10BA0005999,Passenger,Male
10BA0006013,Pedestrian,Male
10BA0006130,Pedestrian,Female
10BA0006162,Pedestrian,Male
10BA0006172,Driver,Male
10CA0006000,Driver,Male
10CA0005994,Driver,Male
10CA0006431,Passenger,Female
10CA0006431,Passenger,Male
10BA0005992,Pedestrian,Male
10BA0006032,Driver,Male
10CA0006017,Driver,Male
10CA0006017,Passenger,Male
10MU0006024,Driver,Male
10MU0006024,Passenger,Female
10AA0006023,Driver,Female
10AA0006023,Driver,Female
10AA0006023,Driver,Female
10AA0006023,Passenger,Male
10AA0006034,Pedestrian,Male
10AA0006034,Driver,Male
10AA0006109,Driver,Female
10AA0006109,Driver,Female
10AA0006109,Passenger,Female
10AA0006109,Passenger,Female
10AA0006111,Driver,Male
10AA0006180,Driver,Male
10AA0006180,Driver,Male
10AA0006180,Passenger,Male
10AA0006180,Passenger,Male
10BA0006029,Driver,Female
10CA0006244,Driver,Male
10CA0006244,Driver,Male
10MU0006092,Driver,Male
10AA0006036,Driver,Female
10AA0006045,Driver,Female
10AA0006045,Passenger,Male
10AA0006068,Driver,Female
10AA0006177,Driver,Male
10AA0006177,Driver,Female
10BA0006065,Passenger,Female
10BA0006080,Driver,Female
10BA0006120,Driver,Male
10CA0006035,Pedestrian,Male
10CA0006047,Pedestrian,Female
10CA0006056,Driver,Female
10CA0006181,Driver,Male
10CA0006181,Passenger,Female
10CA0006181,Passenger,Female
10CA0006181,Passenger,Male
10CA0006181,Passenger,Female
10CA0006181,Passenger,Female
10CA0006181,Passenger,Female
10CA0006181,Passenger,Female
10CA0006181,Passenger,Male
10MU0006621,Driver,Male
10MU0006621,Driver,Male
10BA0006104,Driver,Female
10BA0006104,Driver,Female
10AA0006084,Driver,Male
10AA0006107,Driver,Male
10AA0006107,Passenger,Female
10AA0006107,Passenger,Female
10AA0006124,Driver,Male
10BA0006141,Driver,Female
10BA0006141,Driver,Male
10BA0006141,Passenger,Female
10BA0006141,Pedestrian,Male
10CA0006081,Driver,Male
10AA0006129,Passenger,Female
10AA0006174,Driver,Female
10AA0006174,Passenger,Female
10AA0006438,Driver,Female
10BA0006103,Driver,Male
10CA0006115,Driver,Female
10CA0006115,Driver,Male
10CA0006169,Passenger,Male
10CA0006179,Driver,Female
10CA0006179,Pedestrian,Male
10CA0006179,Driver,Male
10AA0006113,Passenger,Female
10AA0006125,Driver,Male
10AA0006125,Driver,Female
10AA0006164,Pedestrian,Female
10BA0006075,Passenger,Male
10BA0006096,Passenger,Male
10BA0006151,Passenger,Male
10MU0006175,Driver,Female
10MU0006175,Passenger,Male
10AA0006146,Driver,Female
10AA0006146,Driver,Male
10AA0006146,Passenger,Female
10AA0006146,Passenger,Female
10BA0006106,Driver,Male
10BA0006106,Driver,Male
10BA0006106,Passenger,Female
10BA0006106,Passenger,Male
10BA0006106,Passenger,Male
10BA0006106,Passenger,Male
10BA0006106,Passenger,Male
10BA0006173,Passenger,Female
10BA0006140,Driver,Female
10BA0006147,Pedestrian,Male
10BA0395389,Driver,Female
10BA0396309,Pedestrian,Female
10AA0006134,Pedestrian,Female
10AA0006211,Driver,Male
10BA0006136,Driver,Female
10BA0006136,Driver,Male
10BA0006136,Driver,Female
10BA0006358,Driver,Female
10CA0006148,Passenger,Male
10CA0006197,Pedestrian,Male
10AA0006205,Driver,Male
10AA0006210,Driver,Male
10AA0006212,Driver,Male
10CA0006157,Driver,Male
10CA0006157,Driver,Male
10CA0006167,Passenger,Female
10CA0006167,Pedestrian,Male
10CA0006192,Driver,Male
10CA0006207,Driver,Male
10CA0006257,Driver,Female
10CA0006330,Passenger,Female
10AA0006189,Passenger,Male
10AA0006209,Pedestrian,Male
10AA0006228,Driver,Male
10BA0006188,Driver,Male
10BA0006188,Driver,Male
10MU0006185,Passenger,Female
10MU0006185,Passenger,Female
10MU0006185,Passenger,Female
10MU0006185,Passenger,Female
10AA0006221,Pedestrian,Female
10AA0006238,Driver,Male
10AA0006238,Driver,Female
10BA0006239,Driver,Male
10BA0006364,Driver,Male
10CA0006413,Driver,Male
10AA0006196,Driver,Male
10AA0006196,Driver,Male
10AA0006196,Passenger,Female
10AA0006196,Passenger,Male
10AA0006222,Driver,Male
10AA0006237,Driver,Male
10AA0006237,Driver,Male
10AA0006237,Passenger,Male
10BA0006243,Driver,Male
10BA0006245,Driver,Male
10BA0006249,Driver,Male
10BA0006294,Driver,Male
10BA0006294,Passenger,Male
10BA0006294,Passenger,Female
10BA0006294,Driver,Male
10BA0006294,Passenger,Male
10CA0006246,Pedestrian,Female
10AA0006236,Passenger,Female
10BA0006255,Driver,Male
10CA0006220,Driver,Male
10CA0006262,Pedestrian,Female
10CA0006264,Driver,Male
10MU0006277,Driver,Female
10MU0006277,Passenger,Male
10AA0006271,Driver,Male
10AA0006272,Pedestrian,Male
10AA0006275,Driver,Female
10AA0006275,Driver,Male
10AA0006283,Driver,Male
10AA0006283,Passenger,Male
10AA0006285,Driver,Female
10BA0006266,Pedestrian,Male
10BA0006266,Pedestrian,Female
10AA0006276,Driver,Male
10AA0006314,Driver,Male
10BA0006970,Driver,Male
10CA0006273,Driver,Male
10CA0006278,Driver,Male
10CA0006281,Pedestrian,Female
10CA0006315,Pedestrian,Female
10CA0006326,Pedestrian,Male
10CA0006327,Pedestrian,Female
10CA0006402,Driver,Male
10AA0006349,Driver,Male
10BA0006291,Driver,Female
10AA0006319,Driver,Male
10AA0006319,Driver,Male
10AA0006319,Passenger,Male
10AA0006319,Passenger,Male
10AA0006323,Driver,Male
10AA0006324,Driver,Female
10AA0006324,Driver,Female
10MU0006317,Driver,Female
10MU0006320,Passenger,Female
10MU0006320,Passenger,Male
10MU0006322,Driver,Female
10AA0006307,Driver,Male
10BA0006309,Pedestrian,Male
10BA0006335,Driver,Male
10BA0006347,Driver,Male
10CA0006325,Driver,Male
10CA0006325,Passenger,Female
10MU0006316,Driver,Male
10AA0006329,Driver,Male
10AA0006338,Passenger,Female
10AA0006366,Passenger,Female
10AA0006452,Driver,Female
10BA0006346,Pedestrian,Male
10BA0006554,Driver,Male
10BA0006554,Passenger,Female
10BA0006554,Passenger,Male
10BA0006554,Passenger,Female
10BA0006554,Passenger,Male
10BA0006754,Driver,Male
10AA0006385,Driver,Male
10AA0006534,Driver,Male
10BA0006334,Driver,Male
10BA0006351,Driver,Female
10BA0006352,Passenger,Female
10MU0006629,Driver,Male
10MU0006629,Passenger,Female
10AA0006388,Driver,Male
10BA0006369,Pedestrian,Female
10CA0006365,Driver,Male
10AA0006359,Pedestrian,Male
10AA0006371,Passenger,Female
10AA0006378,Driver,Male
10AA0006379,Driver,Female
10AA0006437,Driver,Female
10AA0006436,Driver,Male
10AA0006448,Driver,Male
10AA0006517,Driver,Male
10AA0006517,Passenger,Female
10BA0006393,Passenger,Female
10CA0006377,Pedestrian,Male
10AA0006447,Driver,Male
10CA0006401,Pedestrian,Male
10CA0006450,Pedestrian,Male
10CA0006408,Driver,Male
10CA0006625,Pedestrian,Male
10AA0006414,Driver,Male
10AA0006416,Pedestrian,Female
10AA0006416,Pedestrian,Male
10AA0006418,Driver,Female
10AA0006432,Driver,Male
10BA0006417,Passenger,Male
10BA0006417,Passenger,Male
10BA0006427,Driver,Male
10CA0006428,Passenger,Female
10CA0006440,Driver,Female
10AA0006484,Driver,Male
10AA0006508,Pedestrian,Male
10AA0006991,Driver,Male
10CA0006487,Passenger,Female
10CA0006487,Passenger,Female
10MU0006456,Driver,Female
10AA0006466,Driver,Male
10AA0006472,Driver,Female
10BA0006455,Driver,Male
10BA0006516,Passenger,Female
10BA0006516,Passenger,Female
10BA0006568,Pedestrian,Male
10BA0006611,Driver,Female
10CA0006471,Driver,Male
10CA0006488,Driver,Female
10AA0006467,Driver,Male
10AA0006467,Driver,Female
10AA0006473,Driver,Male
10BA0006513,Driver,Female
10BA0006513,Driver,Male
10BA0006513,Passenger,Female
10BA0006513,Passenger,Male
10BA0006513,Passenger,Female
10BA0006725,Driver,Female
10BA0006725,Passenger,Male
10CA0006478,Passenger,Female
10CA0006480,Pedestrian,Male
10CA0006813,Driver,Male
10AA0006521,Driver,Male
10AA0006521,Driver,Male
10BA0006515,Driver,Male
10BA0006523,Driver,Male
10BA0006523,Passenger,Male
10BA0006523,Passenger,Male
10BA0006523,Passenger,Female
10BA0006523,Passenger,Female
10BA0006523,Passenger,Male
10BA0006551,Driver,Female
10BA0006551,Driver,Male
10BA0006551,Passenger,Male
10CA0006481,Passenger,Male
10CA0006489,Passenger,Male
10CA0006530,Driver,Male
10CA0006553,Driver,Male
10CA0006553,Driver,Male
10CA0006553,Passenger,Female
10CA0006553,Passenger,Female
10CA0006566,Pedestrian,Female
10AA0006510,Driver,Female
10AA0006524,Driver,Male
10AA0006527,Passenger,Female
10AA0006528,Driver,Male
10BA0006512,Driver,Male
10BA0006529,Passenger,Female
10CA0006772,Driver,Male
10AA0006537,Driver,Male
10AA0006543,Driver,Male
10BA0006520,Pedestrian,Male
10BA0006525,Passenger,Male
10BA0006525,Passenger,Male
10CA0006564,Driver,Female
10CA0006564,Driver,Female
10CA0006564,Passenger,Female
10CA0006565,Driver,Male
10CA0006565,Driver,Female
10AA0006567,Driver,Male
10BA0006557,Driver,Female
10BA0006558,Pedestrian,Female
10CA0006535,Driver,Male
10BA0006555,Driver,Male
10BA0006569,Pedestrian,Female
10BA0006610,Passenger,Male
10CA0006657,Driver,Female
10CA0467680,Driver,Male
10CA0467680,Passenger,Male
10AA0006574,Passenger,Female
10AA0006580,Driver,Female
10AA0006580,Passenger,Female
10AA0006587,Pedestrian,Female
10AA0006597,Driver,Male
10AA0006599,Passenger,Female
10BA0006633,Driver,Male
10BA0006683,Driver,Female
10BA0006683,Passenger,Male
10BA0006683,Passenger,Male
10CA0006581,Driver,Male
10CA0006594,Pedestrian,Female
10AA0006588,Driver,Female
10AA0006588,Driver,Male
10AA0006591,Driver,Male
10AA0006593,Driver,Male
10AA0446785,Driver,Male
10BA0006613,Driver,Female
10BA0006613,Passenger,Male
10BA0006619,Driver,Male
10BA0006619,Passenger,Female
10BA0006620,Pedestrian,Female
10BA0006641,Driver,Male
10BA0006647,Driver,Male
10BA0006647,Passenger,Female
10BA0006647,Passenger,Male
10BA0006684,Driver,Male
10CA0006578,Driver,Female
10CA0006583,Driver,Female
10CA0006583,Passenger,Female
10CA0006608,Pedestrian,Female
10AA0006600,Driver,Male
10AA0006612,Passenger,Female
10BA0006605,Passenger,Male
10BA0006605,Passenger,Male
10BA0006605,Passenger,Male
10BA0006895,Driver,Male
10CA0006592,Passenger,Female
10CA0006623,Driver,Male
10AA0006598,Driver,Male
10BA0006614,Driver,Male
10BA0006628,Driver,Male
10BA0006628,Driver,Male
10BA0006634,Driver,Male
10BA0006634,Driver,Male
10BA0006634,Passenger,Male
10BA0006635,Driver,Male
10MU0006627,Driver,Female
10AA0006579,Driver,Male
10AA0006579,Driver,Male
10AA0006579,Passenger,Male
10AA0006579,Passenger,Male
10BA0006639,Driver,Female
10BA0006639,Passenger,Male
10BA0006697,Passenger,Male
10BA0006873,Passenger,Female
10CA0006604,Driver,Male
10MU0006646,Driver,Male
10MU0006651,Driver,Male
10AA0452087,Pedestrian,Male
10AA0452223,Driver,Female
10AA0452223,Driver,Male
10AA0452229,Passenger,Male
10AA0452590,Driver,Female
10BA0006632,Passenger,Female
10BA0006642,Driver,Male
10BA0006642,Driver,Male
10BA0006680,Driver,Male
10CA0451879,Pedestrian,Female
10CA0452218,Driver,Male
10AA0453772,Driver,Male
10BA0006648,Driver,Male
10BA0006659,Pedestrian,Female
10BA0006695,Driver,Male
10CA0454126,Driver,Male
10CA0454179,Pedestrian,Female
10CA0455480,Passenger,Female
10AA0455100,Driver,Female
10AA0456208,Driver,Male
10BA0006653,Pedestrian,Male
10BA0006654,Passenger,Male
10CA0454919,Pedestrian,Female
10CA0456410,Driver,Male
10CA0456410,Passenger,Female
10CA0458730,Passenger,Female
10MU0006681,Driver,Male
10AA0456912,Pedestrian,Female
10AA0457814,Driver,Female
10AA0460820,Passenger,Female
10MU0006674,Driver,Female
10AA0466695,Driver,Male
10BA0006761,Driver,Male
10CA0458597,Driver,Male
10CA0500510,Driver,Male
10MU0006691,Driver,Male
10AA0461428,Pedestrian,Male
10AA0461902,Pedestrian,Male
10CA0460796,Passenger,Female
10CA0461279,Driver,Male
10CA0470778,Driver,Male
10AA0462531,Pedestrian,Male
10AA0464194,Driver,Male
10CA0461633,Pedestrian,Female
10CA0461633,Pedestrian,Female
10CA0461896,Driver,Male
10CA0462582,Passenger,Male
10MU0462339,Driver,Male
10MU0462339,Passenger,Female
10AA0464801,Driver,Male
10AA0467879,Driver,Female
10AA0467879,Passenger,Female
10BA0006731,Driver,Male
10BA0006731,Driver,Male
10BA0006734,Pedestrian,Female
10CA0006705,Driver,Female
10CA0006705,Passenger,Male
10CA0470810,Driver,Male
10CA0471270,Pedestrian,Male
10CA0493705,Passenger,Female
10AA0466485,Driver,Male
10AA0466757,Driver,Male
10AA0466842,Driver,Male
10BA0006727,Driver,Male
10BA0006727,Passenger,Male
10CA0466552,Driver,Male
10CA0466552,Driver,Male
10CA0466552,Passenger,Female
10CA0466896,Driver,Male
10CA0466896,Driver,Male
10MU0006722,Driver,Male
10MU0006722,Driver,Male
10MU0006722,Driver,Female
10AA0467110,Driver,Male
10BA0006747,Driver,Male
10BA0006759,Driver,Male
10BA0006784,Driver,Male
10BA0006987,Pedestrian,Female
10BA0006987,Pedestrian,Female
10BA0467013,Driver,Male
10BA0467013,Passenger,Male
10BA0475621,Driver,Male
10CA0468431,Driver,Male
10CA0468431,Passenger,Male
10CA0469328,Pedestrian,Male
10AA0470357,Passenger,Female
10BA0006729,Driver,Female
10BA0006730,Driver,Male
10BA0006735,Driver,Female
10BA0006767,Driver,Male
10BA0006767,Driver,Male
10BA0006782,Driver,Female
10BA0006785,Driver,Female
10CA0469639,Driver,Male
10CA0471466,Driver,Male
10AA0471613,Driver,Male
10AA0472086,Pedestrian,Female
10AA0472154,Pedestrian,Female
10AA0476476,Pedestrian,Male
10AA0478014,Driver,Male
10BA0006744,Pedestrian,Male
10BA0006768,Driver,Male
10BA0006781,Driver,Male
10BA0006781,Passenger,Female
10BA0006781,Passenger,Male
10BA0006781,Passenger,Female
10CA0472533,Passenger,Male
10MU0006753,Driver,Male
10MU0006753,Driver,Female
10MU0006753,Passenger,Female
10MU0006753,Passenger,Female
10MU0006753,Passenger,Female
10MU0006753,Passenger,Female
10MU0006760,Driver,Female
10AA0523442,Pedestrian,Female
10BA0006779,Driver,Male
10CA0473584,Passenger,Female
10CA0473584,Driver,Female
10AA0475512,Pedestrian,Male
10AA0476709,Driver,Female
10BA0006794,Driver,Male
10CA0475732,Driver,Male
10CA0476608,Driver,Male
10CA0476608,Passenger,Male
10CA0478118,Driver,Male
10CA0484061,Driver,Female
10MU0006795,Driver,Male
10MU0006795,Passenger,Female
10AA0477698,Driver,Female
10BA0006790,Driver,Male
10BA0006790,Passenger,Male
10BA0006790,Passenger,Male
10BA0006790,Passenger,Male
10BA0006791,Driver,Male
10BA0006802,Driver,Female
10BA0006802,Driver,Male
10BA0006802,Passenger,Male
10CA0006814,Pedestrian,Female
10CA0477756,Passenger,Female
10CA0478680,Driver,Male
10CA0479145,Driver,Male
10CA0479145,Passenger,Male
10CA0479145,Passenger,Male
10AA0479282,Driver,Female
10AA0480159,Driver,Female
10AA0480159,Passenger,Male
10BA0006808,Driver,Male
10BA0006808,Passenger,Female
10BA0006816,Driver,Female
10BA0006816,Passenger,Female
10BA0006816,Passenger,Female
10BA0006817,Driver,Female
10BA0006823,Driver,Female
10BA0006823,Driver,Female
10BA0006823,Passenger,Female
10CA0480108,Driver,Male
10CA0480282,Pedestrian,Male
10CA0480746,Pedestrian,Female
10MU0006803,Driver,Male
10MU0480952,Driver,Female
10MU0480952,Passenger,Male
10AA0481130,Driver,Male
10AA0481130,Passenger,Male
10AA0482051,Passenger,Female
10AA0482051,Passenger,Male
10AA0482580,Driver,Male
10AA0482580,Driver,Male
10AA0482580,Passenger,Male
10BA0006835,Pedestrian,Female
10BA0006850,Driver,Male
10CA0481482,Driver,Male
10CA0481482,Passenger,Female
10CA0481482,Passenger,Female
10CA0482639,Driver,Female
10CA0482639,Driver,Female
10MU0006824,Driver,Female
10MU0006824,Driver,Female
10AA0484080,Driver,Male
10AA0484080,Driver,Male
10AA0484322,Pedestrian,Female
10AA0484322,Pedestrian,Female
10CA0486894,Driver,Female
10CA491750,Passenger,Female
10AA0485772,Driver,Male
10AA0485772,Passenger,Male
10BA0006846,Driver,Male
10BA0006863,Driver,Male
10CA0485715,Driver,Male
10CA0485964,Driver,Male
10AA0488909,Driver,Female
10AA0491735,Driver,Female
10AA0491735,Passenger,Female
10AA0488636,Driver,Female
10AA0488636,Driver,Female
10BA0488838,Driver,Male
10BA0488839,Pedestrian,Female
10BA0490326,Driver,Female
10BA0490326,Driver,Female
10CA0488335,Pedestrian,Male
10MU0006854,Driver,Male
10AA0489926,Passenger,Female
10AA0490609,Driver,Female
10AA0500283,Driver,Male
10BA0553573,Driver,Female
10AA0492628,Driver,Male
10BA0492609,Passenger,Male
10CA0492106,Pedestrian,Male
10CA0492120,Passenger,Female
10CA0492158,Pedestrian,Female
10CA0493713,Passenger,Female
10CA0500021,Driver,Male
10MU0006894,Driver,Female
10MU0006906,Driver,Male
10MU0006906,Driver,Male
10MU0006906,Driver,Male
10MU0006906,Driver,Female
10BA0492799,Driver,Female
10BA0494216,Driver,Male
10BA0494216,Driver,Female
10BA0495403,Pedestrian,Female
10BA0499476,Passenger,Female
10CA0006879,Driver,Male
10CA0494436,Driver,Female
10AA0495747,Driver,Male
10AA0495883,Driver,Female
10AA0495883,Driver,Male
10AA0495883,Driver,Female
10AA0495883,Passenger,Female
10AA0495886,Driver,Male
10AA0495886,Passenger,Female
10AA0496012,Pedestrian,Female
10AA0496012,Driver,Female
10AA0496136,Driver,Male
10AA0496141,Driver,Male
10AA0497282,Driver,Female
10BA0496053,Driver,Male
10CA0495362,Driver,Male
10CA0495383,Driver,Male
10CA0496035,Driver,Male
10CA0496035,Driver,Female
10CA0496035,Passenger,Male
10CA0496432,Driver,Male
10MU0006898,Driver,Male
10AA0497283,Driver,Male
10AA0497652,Pedestrian,Male
10BA0497363,Driver,Male
10CA0497270,Passenger,Male
10CA0497331,Pedestrian,Female
10CA0513965,Pedestrian,Male
10MU0006901,Driver,Male
10BA0500018,Pedestrian,Male
10AA0499796,Driver,Male
10AA0500777,Pedestrian,Male
10AA0503117,Pedestrian,Female
10BA0499016,Passenger,Male
10BA0499016,Passenger,Male
10BA0500452,Passenger,Female
10CA0500345,Pedestrian,Female
10CA0500444,Driver,Female
10AA0502145,Pedestrian,Male
10AA0502259,Passenger,Female
10AA0502437,Driver,Female
10AA0502760,Driver,Male
10AA0503234,Passenger,Male
10AA0503234,Passenger,Female
10BA0502461,Passenger,Male
10BA0502461,Passenger,Male
10BA0502461,Passenger,Male
10BA0502461,Passenger,Male
10BA0502638,Driver,Female
10BA0502638,Driver,Male
10BA0504974,Driver,Female
10CA0501569,Passenger,Female
10CA0502695,Driver,Male
10AA0504026,Pedestrian,Male
10AA0509834,Driver,Male
10BA0503891,Driver,Male
10BA0503891,Driver,Female
10BA0504045,Driver,Male
10BA0504045,Driver,Male
10BA0504045,Passenger,Female
10BA0504045,Passenger,Male
10BA0504096,Driver,Male
10BA0504522,Driver,Male
10BA0504522,Driver,Female
10CA0503242,Driver,Male
10CA0503242,Driver,Male
10CA0505031,Pedestrian,Female
10CA0542818,Driver,Female
10MU0006910,Driver,Male
10AA0505542,Passenger,Male
10AA0505547,Pedestrian,Female
10AA0506119,Driver,Male
10AA0508423,Driver,Male
10BA0056566,Driver,Male
10BA0504692,Driver,Female
10BA0505521,Driver,Male
10BA0505521,Driver,Female
10BA0505521,Passenger,Male
10BA0506117,Driver,Male
10BA0514078,Pedestrian,Female
10CA0504576,Driver,Female
10CA0504710,Pedestrian,Female
10CA0506220,Driver,Male
10AA0506981,Pedestrian,Female
10AA0507521,Passenger,Female
10BA0507823,Driver,Female
10BA0509174,Driver,Female
10BA0509174,Passenger,Female
10BA0516577,Driver,Female
10MU0507777,Driver,Male
10MU0507777,Driver,Male
10MU0507777,Passenger,Male
10MU0507777,Passenger,Male
10MU0507777,Passenger,Male
10AA0513815,Driver,Female
10BA0509655,Driver,Female
10BA0509655,Driver,Male
10BA0516746,Driver,Male
10CA0509242,Pedestrian,Male
10CA0511888,Pedestrian,Female
10MU0006915,Passenger,Male
10AA0510216,Driver,Female
10BA0512805,Pedestrian,Female
10CA0509564,Driver,Female
10BA0513525,Driver,Male
10CA0511483,Driver,Female
10CA0511483,Driver,Male
10CA0511705,Passenger,Female
10MU0006936,Driver,Male
10MU0006948,Driver,Female
10MU0006948,Driver,Female
10MU0006949,Driver,Male
10MU0006949,Passenger,Female
10MU0006973,Driver,Female
10BA0512496,Driver,Female
10BA0512561,Driver,Male
10BA0513402,Driver,Female
10BA0517183,Driver,Female
10MU0006945,Driver,Male
10AA0514362,Passenger,Female
10AA0515611,Driver,Male
10AA0517947,Passenger,Female
10AA0533732,Driver,Female
10AA0533732,Passenger,Female
10BA0514491,Pedestrian,Female
10MU0006955,Driver,Male
10MU0006955,Passenger,Female
10MU0696610,Driver,Male
10BA0517233,Driver,Male
10BA0521045,Driver,Male
10CA0515735,Driver,Male
10CA0515735,Driver,Male
10AA0543733,Driver,Male
10AA0543733,Passenger,Male
10AA0543733,Passenger,Female
10BA0516980,Driver,Female
10MU0006974,Driver,Female
10AA0517605,Passenger,Male
10AA0517605,Passenger,Female
10MU0006969,Passenger,Female
10MU0006969,Passenger,Female
10AA0519129,Driver,Male
10AA0519186,Driver,Male
10AA0519578,Pedestrian,Male
10BA0519239,Driver,Male
10BA0519242,Driver,Female
10BA0519390,Driver,Female
10BA0519390,Passenger,Female
10BA0519440,Driver,Female
10BA0523101,Driver,Female
10BA0524035,Driver,Male
10BA0548079,Driver,Female
10AA0520420,Driver,Male
10AA0520599,Pedestrian,Female
10CA0521428,Passenger,Female
10CA0521955,Driver,Female
10AA0522624,Driver,Female
10AA0523005,Driver,Male
10AA0523005,Passenger,Female
10BA0523072,Pedestrian,Male
10BA0523132,Pedestrian,Female
10CA0521587,Passenger,Male
10CA0521587,Passenger,Male
10CA0521587,Driver,Male
10AA0524523,Driver,Female
10BA0524513,Driver,Female
10BA0524513,Passenger,Male
10BA0524704,Driver,Female
10AA0526391,Driver,Male
10BA0525516,Driver,Male
10BA0525516,Passenger,Female
10BA0525589,Pedestrian,Male
10BA0526595,Pedestrian,Male
10CA0526900,Passenger,Female
10AA0527068,Pedestrian,Female
10BA0526775,Driver,Male
10BA0526775,Passenger,Female
10BA0528316,Passenger,Male
10BA0528553,Driver,Female
10BA0532967,Passenger,Female
10CA0526933,Pedestrian,Female
10CA0527499,Pedestrian,Female
10CA0527502,Driver,Female
10CA0527502,Driver,Female
10CA0528269,Pedestrian,Male
10CA0528479,Driver,Female
10MU0527628,Driver,Male
10MU0528480,Driver,Female
10AA0528190,Driver,Male
10AA0528767,Driver,Female
10AA0528767,Passenger,Female
10BA0528452,Passenger,Male
10BA0529322,Driver,Female
10CA0528516,Driver,Male
10CA0528951,Passenger,Female
10CA0528951,Passenger,Female
10CA0529809,Passenger,Female
10CA0533706,Pedestrian,Male
10BA0529716,Driver,Female
10BA0530059,Driver,Male
10BA0530059,Driver,Female
10BA0530154,Pedestrian,Male
10BA0531902,Driver,Male
10BA0531902,Driver,Male
10BA0531902,Passenger,Female
10CA0531135,Driver,Female
10CA0531977,Passenger,Female
10CA0533407,Driver,Male
10AA0533766,Driver,Male
10AA0533824,Driver,Male
10AA0534067,Driver,Male
10CA0532859,Pedestrian,Male
10CA0533828,Driver,Male
10AA0535474,Pedestrian,Male
10AA0535474,Driver,Male
10AA0545773,Passenger,Female
10BA0535305,Passenger,Female
10BA0535478,Driver,Male
10CA0535332,Driver,Male
10CA0536262,Driver,Male
10MU0534948,Driver,Male
10BA0536602,Driver,Male
10BA0537587,Driver,Female
10BA0537587,Passenger,Female
10CA0536254,Driver,Female
10CA0537304,Pedestrian,Male
10AA0538540,Driver,Male
10AA0540079,Driver,Female
10BA0538127,Pedestrian,Male
10BA0538816,Driver,Male
10BA0538816,Passenger,Female
10BA0538943,Passenger,Female
10BA0538970,Driver,Male
10CA0538551,Driver,Female
10CA0538551,Driver,Female
10CA0538792,Driver,Male
10CA0540765,Pedestrian,Male
10CA0540799,Driver,Male
10AA0539269,Pedestrian,Male
10AA0547540,Driver,Male
10CA0540333,Passenger,Male
10CA0540333,Passenger,Male
10CA0540333,Passenger,Male
10BA0541121,Driver,Male
10BA0545533,Driver,Male
10MU0541201,Passenger,Female
10AA0541793,Driver,Female
10AA0544154,Passenger,Female
10CA0542713,Driver,Male
10CA0542713,Driver,Male
10CA0542906,Driver,Male
10MU0542950,Passenger,Female
10MU0543126,Driver,Male
10MU0543126,Passenger,Male
10AA0544072,Driver,Male
10AA0544072,Driver,Male
10AA0544072,Passenger,Female
10AA0544072,Passenger,Male
10AA0544072,Passenger,Male
10BA0544194,Driver,Female
10BA0544252,Driver,Male
10CA0543862,Driver,Female
10CA0543862,Driver,Female
10CA0543862,Passenger,Female
10CA0544513,Passenger,Female
10AA0545867,Pedestrian,Female
10AA0545867,Pedestrian,Female
10CA0545323,Passenger,Female
10CA0546220,Pedestrian,Female
10MU0546061,Driver,Male
10AA0546472,Driver,Male
10AA0546472,Driver,Male
10AA0547105,Pedestrian,Male
10BA0546550,Driver,Male
10BA0546647,Driver,Female
10BA0546647,Driver,Female
10BA0546647,Passenger,Female
10CA0546566,Pedestrian,Female
10CA0547334,Driver,Male
10CA0547334,Driver,Female
10CA0547334,Driver,Male
10CA0547334,Passenger,Male
10CA0547384,Passenger,Female
10AA0024591,Driver,Male
10AA0024591,Driver,Male
10AA0548538,Driver,Male
10BA0012734,Passenger,Female
10CA0548734,Pedestrian,Male
10CA0548925,Driver,Male
10CA0548925,Passenger,Male
10CA0549216,Pedestrian,Female
10AA0550784,Driver,Male
10CA0550122,Driver,Male
10MU0549754,Driver,Male
10AA0550633,Pedestrian,Female
10AA0003345,Driver,Male
10AA0552240,Passenger,Male
10AA0552936,Pedestrian,Male
10BA0552703,Driver,Female
10CA0552167,Driver,Female
10CA0552763,Pedestrian,Male
10AA0553944,Pedestrian,Male
10BA0553559,Driver,Female
10BA0553971,Passenger,Female
10CA0555785,Pedestrian,Male
10AA0000088,Pedestrian,Male
10AA0000206,Pedestrian,Male
10AA0555582,Driver,Male
10BA0555070,Passenger,Female
