STREET_ADDRESS,Local Authority Reference,Accident Ref No.,Sex of Casualty,WORKTYPE_DESCRIPTION
1715 DIXIE HWY,LA00422401,10BA0000011,Female,"Lane Closure, Sidewalk Closure, Utility Cut"
729 W EVELYN AVE,LA00437737,10BA0000014,Male,Lane Closure
2139 DIXIE HWY,LA00434908,10BA0000037,Female,"Lane Closure, Sidewalk Closure, Utility Cut"
1112 ZANE ST,LA00434470,10BA0000064,Male,"Lane Closure, Sidewalk Closure"
508 DAVIES AVE,LA00425158,10CA0000023,Male,"Lane Closure, Sidewalk Closure, Utility Cut"
1464 S 9TH ST,LA00429090,10CA0000023,Male,"Lane Closure, Utility Cut"
1620 S 7TH ST,LA00431608,10CA0000023,Female,"Lane Closure, Sidewalk Closure, Utility Cut"
434 W JEFFERSON ST,LA00432748,10CA0000024,Male,Lane Closure
903 W MAGNOLIA AVE,LA00436259,10CA0000024,Male,Lane Closure
1103 W HILL ST,LA00428657,10CA0000024,Male,"Lane Closure, Sidewalk Closure, Utility Cut"
1228 QUALITY CHOICE PL,LA00396596,10CA0000024,Male,"Lane Closure, Sidewalk Closure, Utility Cut"
313 S 4TH ST,LA00435414,10CA0000026,Male,"Lane Closure, Sidewalk Closure"
200 S 7TH ST,LA00427405,10CA0000038,Male,"Lane Closure, Sidewalk Closure"
1516 S 12TH ST Unit A,LA00423616,10CA0000038,Male,"Excavation, Lane Closure"
527 W JEFFERSON ST,LA00434861,10BA0000071,Male,Lane Closure
2737 HELM ST,LA00435434,10BA0000071,Female,Lane Closure
221 S 4TH ST,LA00428981,10CA0000039,Male,"Lane Closure, Sidewalk Closure"
139 CABEL ST,LA00399369,10CA0000039,Female,Lane Closure
1668 RICHMOND DR,LA00437545,10CA0000040,Male,Lane Closure
416 W JEFFERSON ST,LA00434084,10CA0000040,Female,"Lane Closure, Sidewalk Closure"
706 BARRET AVE,LA00417447,10CA0000203,Female,"Lane Closure, Sidewalk Closure"
201 S 4TH ST,LA00429060,10CA0000203,Female,"Excavation, Lane Closure, Sidewalk Closure"
420 LONG RUN RD,LA00430406,10CA0000203,Female,Lane Closure
280 W JEFFERSON ST,LA00378171,10AA0000097,Male,Lane Closure
5411 REGENT WAY,LA00397644,10AA0000097,Female,"Lane Closure, Sidewalk Closure"
8212 KIMBERLY WAY,LA00381737,10AA0000200,Male,Lane Closure
2800 S FLOYD ST,LA00426293,10AA0000200,Male,Lane Closure
200 E WASHINGTON ST,LA00429651,10BA0000020,Male,Lane Closure
1121 PHILLIPS LN,LA00437100,10BA0000162,Female,"Excavation, Lane Closure, Utility Cut"
300 W LIBERTY ST,LA00436199,10CA0000035,Female,Lane Closure
100 E LIBERTY ST,LA00436669,10AA0000089,Female,Lane Closure
1200 ROWAN ST,LA00436489,10AA0000089,Female,"Excavation, Road Closure, Sidewalk Closure"
200 DERBY AVE,LA00434102,10AA0000116,Male,"Lane Closure, Sidewalk Closure"
211 DERBY AVE,LA00437600,10AA0000116,Female,"Lane Closure, Sidewalk Closure"
213 BONNIE LN,LA00434694,10BA0000140,Male,"Lane Closure, Sidewalk Closure"
211 ALPHA AVE,LA00394973,10BA0000140,Male,"Lane Closure, Sidewalk Closure"
209 DERBY AVE,LA00436515,10BA0000140,Female,"Lane Closure, Sidewalk Closure"
232 W MUHAMMAD ALI BLVD,LA00416663,10BA0000140,Male,Lane Closure
337 E ST CATHERINE ST,LA00437064,10BA0000145,Female,"Lane Closure, Sidewalk Closure"
1112 W ST CATHERINE ST,LA00435757,10BA0000133,Male,"Lane Closure, Sidewalk Closure, Utility Cut"
221 S 4TH ST,LA00432754,10BA0000133,Female,"Lane Closure, Sidewalk Closure"
2700 CRITTENDEN DR,LA00414179,10AA0000122,Male,"Lane Closure, Sidewalk Closure"
1021 S FLOYD ST,LA00420783,10AA0000180,Male,"Lane Closure, Sidewalk Closure"
307 W WOODLAWN AVE,LA00437054,10AA0000579,Female,"Lane Closure, Sidewalk Closure"
4642 BELLEVUE AVE,LA00408153,10AA0000093,Male,"Lane Closure, Sidewalk Closure"
4901 PEACHTREE AVE,LA00421969,10AA0000151,Male,"Lane Closure, Sidewalk Closure"
3237 W BROADWAY,LA00430497,10BA0000123,Male,"Lane Closure, Sidewalk Closure"
4541 S 3RD ST,LA00424578,10BA0000123,Female,"Lane Closure, Sidewalk Closure"
2730 LEXINGTON RD,LA00434097,10CA0000303,Male,"Excavation, Road Closure"
3722 7TH STREET RD,LA00428725,10AA0000117,Male,"Lane Closure, Sidewalk Closure"
1412 TUCKER STATION RD,LA00437808,10AA0000117,Male,Lane Closure
1427 S CLAY ST,LA00436501,10AA0000386,Male,Lane Closure
1742 BERRY BLVD,LA00433597,10BA0000195,Male,Lane Closure
1742 BERRY BLVD,LA00434086,10BA0000195,Male,Lane Closure
1733 BROWNSBORO RD,LA00436423,10BA0000195,Female,"Lane Closure, Sidewalk Closure"
123 N 11TH ST,LA00432628,10BA0000195,Male,"Excavation, Road Closure"
2532 W BROADWAY,LA00436663,10BA0000195,Male,"Lane Closure, Sidewalk Closure"
865 S 26TH ST,LA00352027,10BA0000195,Male,"Lane Closure, Sidewalk Closure"
3237 W BROADWAY,LA00398973,10CA0000193,Male,Lane Closure
3237 W BROADWAY,LA00437241,10AA0000155,Female,"Lane Closure, Sidewalk Closure"
810 N ENGLISH STATION RD,LA00432529,10AA0000157,Female,"Lane Closure, Sidewalk Closure"
2600 STANLEY GAULT PKY Unit 101,LA00435588,10AA0000157,Female,"Lane Closure, Sidewalk Closure"
4538 S 3RD ST,LA00429505,10AA0000157,Female,"Lane Closure, Sidewalk Closure"
1800 BROWNSBORO RD,LA00436461,10BA0000224,Male,"Lane Closure, Sidewalk Closure"
12911 FACTORY LN,LA00432543,10BA0000236,Female,"Excavation, Lane Closure, Road Closure, Utility Cut"
309 W BRANDEIS AVE,LA00434692,10CA0000298,Male,Road Closure
3808 HILLCROSS DR,LA00375752,10CA0000444,Female,Other Mobile Facilities
4100 MUD LN,LA00397638,10CA0000444,Female,
3800 CRITTENDEN DR,LA00430828,10CA0000444,Male,"Excavation, Lane Closure, Road Closure, Sidewalk Closure, Temp Parking on Bagged Meter"
601 W Jefferson ST,LA00433110,10AA0000204,Male,Lane Closure
704 BARRET AVE,LA00434505,10AA0000395,Male,"Lane Closure, Sidewalk Closure"
1414 S 7TH ST,LA00435470,10CA0000267,Male,"Lane Closure, Sidewalk Closure"
812 W MAGNOLIA AVE,LA00437506,10MU0000265,Male,"Lane Closure, Sidewalk Closure"
718 S 4TH ST,LA00435468,10AA0000275,Male,"Lane Closure, Sidewalk Closure, Temp Parking on Bagged Meter"
615 W BRECKINRIDGE ST,LA00428090,10AA0000275,Male,"Lane Closure, Sidewalk Closure"
2229 PIRTLE ST,LA00437558,10BA0000256,Male,Lane Closure
211 W HILL ST Unit 1,LA00437395,10BA0000385,Male,"Lane Closure, Sidewalk Closure"
207 W BROADWAY,LA00420768,10CA0000317,Male,"Lane Closure, Sidewalk Closure"
8406 HUDSON LN,LA00436516,10CA0001024,Male,Lane Closure
1248 E BROADWAY,LA00434599,10BA0000322,Male,"Lane Closure, Sidewalk Closure"
500 E JEFFERSON ST Unit 101,LA00430492,10BA0000388,Male,"Lane Closure, Sidewalk Closure, Temp Parking on Bagged Meter"
200 N SHELBY ST,LA00435443,10BA0000384,Female,"Excavation, Lane Closure, Sidewalk Closure"
270 N CAMPBELL ST,LA00433430,10BA0000555,Female,"Excavation, Road Closure, Sidewalk Closure"
14318 OLD HENRY RD,LA00413134,10CA0000326,Male,Lane Closure
1651 DIXDALE AVE,LA00428980,10CA0000391,Male,"Excavation, Lane Closure, Sidewalk Closure"
901 W MAGNOLIA AVE,LA00434504,10AA0000302,Male,"Lane Closure, Sidewalk Closure"
218 W MUHAMMAD ALI BLVD,LA00418621,10AA0000338,Male,"Lane Closure, Sidewalk Closure, Temp Parking on Bagged Meter"
100 W MARKET ST,LA00436076,10BA0000406,Female,"Lane Closure, Sidewalk Closure"
731 W WASHINGTON ST,LA00389863,10CA0000332,Female,"Road Closure, Utility Cut"
101 W MUHAMMAD ALI BLVD,LA00437073,10MU0000431,Female,"Lane Closure, Sidewalk Closure"
222 S 4TH ST,LA00428116,10BA0000381,Female,"Road Closure, Sidewalk Closure"
300 S 1ST ST,LA00420758,10AA0000397,Male,Lane Closure
100 N 6TH ST,LA00428063,10AA0000397,Male,Lane Closure
615 W SHIPP AVE,LA00434057,10AA0000400,Female,Lane Closure
701 W JEFFERSON ST,LA00437546,10AA0000677,Female,Lane Closure
100 W BROADWAY,LA00436014,10BA0000494,Female,"Lane Closure, Sidewalk Closure"
8010 CHRISTIAN CT,LA00434001,10CA0000435,Male,Lane Closure
1334 S 3RD ST,LA00431405,10MU0000428,Male,Lane Closure
600 W MARKET ST,LA00432212,10AA0000450,Male,Lane Closure
1311 S SHELBY ST,LA00433645,10MU0000429,Female,"Excavation, Lane Closure, Sidewalk Closure, Utility Cut"
100 E LIBERTY ST,LA00339263,10AA0000480,Male,Lane Closure
117 W LIBERTY ST,LA00428166,10AA0000567,Female,Lane Closure
124 E LIBERTY ST,LA00437666,10BA0000493,Male,Lane Closure
140 S 4TH ST,LA00434609,10CA0000451,Male,Lane Closure
133 W LIBERTY ST,LA00436569,10AA0000457,Female,"Excavation, Lane Closure"
200 ABRAHAM FLEXNER WAY,LA00431725,10AA0000474,Female,"Excavation, Lane Closure"
12500 SYCAMORE STATION PL,LA00433621,10AA0000486,Male,Lane Closure
1552 KNIGHT RD,LA00434898,10CA0000481,Female,Lane Closure
1500 OLEANDA CT,LA00436018,10CA0000522,Male,"Lane Closure, Sidewalk Closure"
3202 GOOSE CREEK RD,LA00436498,10CA0000541,Male,Lane Closure
10119 WHIPPS MILL RD,LA00436378,10AA0000488,Female,Lane Closure
416 W JEFFERSON ST,LA00429797,10AA0000602,Female,"Lane Closure, Sidewalk Closure"
140 N 4TH ST,LA00426886,10BA0005204,Female,Lane Closure
1024 E MAIN ST,LA00436369,10BA0005204,Male,"Lane Closure, Sidewalk Closure"
540 S 4TH ST,LA00433114,10CA0000500,Female,"Road Closure, Sidewalk Closure"
3441 TAYLOR BLVD,LA00422005,10CA0000520,Male,"Lane Closure, Sidewalk Closure"
418 PINE ST,LA00435233,10CA0000520,Male,"Lane Closure, Sidewalk Closure"
2015 GARDINER LN,LA00427955,10CA0000536,Male,"Excavation, Lane Closure"
1238 HULL ST,LA00432049,10CA0000538,Male,"Lane Closure, Sidewalk Closure"
400 S 4TH ST Unit 160,LA00434860,10CA0000542,Female,"Lane Closure, Sidewalk Closure"
280 W JEFFERSON ST,LA00429280,10MU0000551,Male,"Lane Closure, Sidewalk Closure"
931 DRESDEN AVE,LA00435672,10MU0000551,Female,"Lane Closure, Sidewalk Closure"
1227 S 12TH ST,LA00428951,10MU0000661,Male,"Excavation, Lane Closure, Utility Cut"
1335 S 13TH ST,LA00421047,10MU0000698,Male,"Excavation, Lane Closure, Utility Cut"
654 S 7TH ST,LA00435593,10AA0000533,Male,"Lane Closure, Utility Cut"
150 S 3RD ST,LA00436758,10AA0000556,Male,"Lane Closure, Utility Cut"
120 S 8TH ST,LA00437542,10BA0000543,Male,"Excavation, Lane Closure"
201 S 4TH ST,LA00378173,10CA0000504,Male,Lane Closure
738 S 4TH ST,LA00425424,10CA0000531,Female,"Lane Closure, Sidewalk Closure"
320 W JEFFERSON ST,LA00427550,10AA0000491,Male,Lane Closure
416 W JEFFERSON ST,LA00435665,10AA0000491,Female,Lane Closure
100 E JEFFERSON ST,LA00388855,10BA0000517,Male,"Excavation, Lane Closure, Sidewalk Closure"
845 S 9TH ST,LA00434598,10CA0000558,Female,Lane Closure
812 LAMPTON ST,LA00436362,10CA0000558,Female,Lane Closure
600 W MARKET ST,LA00434601,10AA0000637,Female,Lane Closure
2317 HOWARD ST,LA00437460,10BA0000789,Female,Lane Closure
1424 W KENTUCKY ST,LA00437338,10MU0000645,Female,Lane Closure
8715 OLD BARDSTOWN RD,LA00433595,10AA0000604,Male,Lane Closure
615 m ST,LA00435419,10AA0000614,Female,"Excavation, Lane Closure, Sidewalk Closure, Utility Cut"
100 W BROADWAY,LA00430483,10BA0000606,Female,"Lane Closure, Sidewalk Closure"
3333 RADIANCE RD,LA00437099,10BA0000606,Female,"Lane Closure, Sidewalk Closure"
3646 JOHNSTON WAY,LA00436082,10CA0000640,Male,"Lane Closure, Sidewalk Closure"
3306 NOE WAY,LA00437810,10CA0000618,Male,"Lane Closure, Sidewalk Closure"
3647 STANTON BLVD,LA00403232,10CA0000646,Female,"Lane Closure, Sidewalk Closure"
3048 RADIANCE RD,LA00425779,10CA0000646,Male,"Lane Closure, Sidewalk Closure"
226 S 1ST ST,LA00436312,10CA0000646,Male,Lane Closure
100 E LIBERTY ST,LA00429903,10CA0000739,Male,Lane Closure
627 S 1ST ST,LA00436047,10CA0000739,Male,Lane Closure
100 E LIBERTY ST,LA00435758,10MU0000616,Male,Lane Closure
635 INDUSTRY RD,LA00378143,10BA0000619,Female,"Lane Closure, Sidewalk Closure"
215 CENTRAL AVE,LA00435762,10BA0000676,Female,"Lane Closure, Sidewalk Closure"
2400 S 4TH ST Unit 1007,LA00431200,10BA0000676,Female,"Lane Closure, Sidewalk Closure"
1630 FRANKFORT AVE,LA00436644,10BA0000708,Male,"Lane Closure, Road Closure, Sidewalk Closure"
2432 GLENMARY AVE Unit A1,LA00368697,10BA0000708,Male,"Lane Closure, Sidewalk Closure"
100 W CHESTNUT ST,LA00367417,10BA0000708,Female,Lane Closure
1047 FRANKLIN ST,LA00436012,10BA0000708,Male,Road Closure
9004 CHERRIVILLE RD,LA00434096,10BA0000708,Male,Lane Closure
912 LOUIS COLEMAN JR DR,LA00420045,10BA0000710,Female,"Lane Closure, Sidewalk Closure"
2131 S 41ST ST,LA00437555,10AA0000631,Male,"Excavation, Lane Closure, Utility Cut"
4011 ALGONQUIN PKY,LA00432891,10AA0000631,Female,"Excavation, Road Closure, Utility Cut"
332 E OAK ST,LA00437333,10AA0000644,Female,"Lane Closure, Sidewalk Closure, Temp Parking on Bagged Meter"
709 VINE ST,LA00434260,10AA0000668,Male,Road Closure
2737 HELM ST,LA00432889,10AA0000668,Female,"Lane Closure, Sidewalk Closure"
1201 DURRETT LN,LA00437622,10CA0000656,Female,Lane Closure
901 GOSS AVE,LA00437574,10CA0000674,Female,"Lane Closure, Road Closure, Sidewalk Closure"
4816 PRESTON HWY,LA00431385,10CA0000689,Female,"Lane Closure, Sidewalk Closure"
7909 BARBOUR MANOR DR,LA00434937,10CA0000791,Male,"Excavation, Lane Closure"
8516 PENNSYLVANIA RUN RD,LA00429088,10MU0000709,Female,"Excavation, Lane Closure"
14805 OLD HENRY RD,LA00436293,10AA0000733,Male,Lane Closure
715 BROOKLINE AVE,LA00418369,10AA0000847,Male,"Excavation, Lane Closure"
226 S 1ST ST,LA00434523,10BA0000666,Female,"Lane Closure, Sidewalk Closure"
14516 AIKEN RD,LA00432137,10BA0000693,Male,Lane Closure
1804 S 3RD ST,LA00428081,10MU0000841,Male,"Lane Closure, Sidewalk Closure"
424 S 5TH ST,LA00436614,10BA0000694,Female,"Lane Closure, Sidewalk Closure, Temp Parking on Bagged Meter"
150 S 3RD ST,LA00436262,10BA0000703,Male,"Lane Closure, Sidewalk Closure, Temp Parking on Bagged Meter"
600 E LIBERTY ST,LA00437745,10BA0000760,Female,"Lane Closure, Sidewalk Closure"
2501 STANLEY GAULT PKY,LA00434253,10BA0000760,Male,"Excavation, Lane Closure"
1367 S 11TH ST,LA00437530,10CA0000678,Male,"Lane Closure, Utility Cut"
1369 S 11TH ST,LA00434050,10MU0000855,Female,"Lane Closure, Utility Cut"
1368 S 11TH ST,LA00434930,10AA0000714,Female,"Lane Closure, Sidewalk Closure, Utility Cut"
1400 S 13TH ST,LA00437068,10AA0001017,Female,"Lane Closure, Sidewalk Closure, Utility Cut"
1409 W HILL ST,LA00436020,10AA0001543,Male,"Lane Closure, Sidewalk Closure, Utility Cut"
1819 W HILL ST,LA00424319,10AA0001543,Female,"Lane Closure, Road Closure, Sidewalk Closure, Utility Cut"
1369 S 11TH ST,LA00434534,10BA0000662,Male,"Lane Closure, Utility Cut"
1225 W BURNETT AVE,LA00437059,10BA0000662,Female,"Lane Closure, Sidewalk Closure, Utility Cut"
7518 SMYRNA RD,LA00437496,10BA0000748,Female,Lane Closure
917 W HILL ST,LA00421797,10CA0000731,Male,"Lane Closure, Sidewalk Closure"
913 S CLAY ST,LA00424325,10CA0000740,Female,"Lane Closure, Sidewalk Closure"
2200 DIXIE HWY,LA00432890,10CA0000740,Female,Lane Closure
1698 PHYLLIS AVE,LA00426272,10AA0000794,Female,"Excavation, Lane Closure, Sidewalk Closure"
1799 MCCLOSKEY AVE,LA00437656,10AA0000811,Male,"Excavation, Lane Closure"
1799 WATHEN LN,LA00420764,10AA0000825,Female,"Excavation, Lane Closure"
1534 LONEY LN,LA00435475,10AA0000891,Female,"Excavation, Lane Closure"
1015 S 8TH ST,LA00434533,10AA0000891,Male,"Lane Closure, Sidewalk Closure"
946 GOSS AVE,LA00435254,10BA0000759,Male,"Lane Closure, Sidewalk Closure"
1263 E BURNETT AVE,LA00435477,10BA0000759,Female,"Lane Closure, Sidewalk Closure"
930 CLARKS LN,LA00434083,10BA0000761,Male,Lane Closure
677 S 26TH ST,LA00435664,10CA0000826,Male,"Lane Closure, Sidewalk Closure"
677 S 26TH ST,LA00435416,10MU0000956,Male,"Lane Closure, Sidewalk Closure"
12500 SYCAMORE STATION PL,LA00435670,10AA0000838,Male,Lane Closure
200 E LIBERTY ST,LA00426271,10AA0000854,Female,"Excavation, Lane Closure"
319 W MUHAMMAD ALI BLVD,LA00429436,10AA0001076,Male,"Excavation, Lane Closure, Sidewalk Closure"
1455 S 6TH ST,LA00398696,10AA0001207,Male,Road Closure
5009 DUNVEGAN RD,LA00426065,10AA0001207,Male,"Excavation, Lane Closure"
1000 W JEFFERSON ST Unit 101,LA00436666,10AA0001207,Female,"Excavation, Lane Closure"
1200 LOGAN ST,LA00426420,10AA0001224,Male,"Excavation, Lane Closure, Sidewalk Closure"
700 CENTRAL AVE,LA00436628,10AA0001224,Female,"Excavation, Lane Closure, Utility Cut"
1385 S 4TH ST,LA00429288,10BA0000807,Female,Lane Closure
724 CAWTHON ST,LA00426298,10BA0005199,Male,"Excavation, Lane Closure, Sidewalk Closure"
1901 N BECKLEY STATION RD,LA00435476,10CA0000810,Male,"Lane Closure, Sidewalk Closure"
1715 DIXIE HWY,LA00394965,10MU0000948,Female,"Lane Closure, Sidewalk Closure, Utility Cut"
1500 ARCADE AVE,LA00436289,10BA0000951,Male,"Lane Closure, Sidewalk Closure"
977 S SHELBY ST,LA00435421,10BA0000951,Female,"Lane Closure, Sidewalk Closure"
701 E KENTUCKY ST,LA00428925,10CA0000783,Male,"Lane Closure, Sidewalk Closure"
1758 W BURNETT AVE Unit 1,LA00435584,10CA0000845,Male,"Lane Closure, Sidewalk Closure, Utility Cut"
2108 MCCLOSKEY AVE,LA00437335,10CA0000845,Female,"Lane Closure, Sidewalk Closure"
2304 DUMESNIL ST,LA00426783,10CA0000845,Male,"Lane Closure, Sidewalk Closure"
2126 W OAK ST,LA00435678,10CA0000845,Male,"Lane Closure, Sidewalk Closure"
2216 W OAK ST,LA00436111,10MU0001027,Male,"Lane Closure, Sidewalk Closure"
1799 BOLLING AVE,LA00435754,10MU0001027,Male,"Lane Closure, Sidewalk Closure, Utility Cut"
2301 W ORMSBY AVE,LA00329315,10MU0001027,Male,"Lane Closure, Sidewalk Closure"
2727 LINDSAY AVE,LA00435682,10MU0001027,Male,"Excavation, Lane Closure"
1112 RIVER RD,LA00437446,10AA0001013,Female,Lane Closure
270 N CAMPBELL ST,LA00437269,10AA0001071,Male,Lane Closure
4800 ALLMOND AVE,LA00401782,10AA0001102,Male,"Excavation, Lane Closure"
808 DORSEY LN,LA00428113,10AA0001603,Male,"Excavation, Lane Closure"
3941 BUECHEL BANK RD,LA00436272,10AA0001603,Male,"Excavation, Lane Closure"
1000 W MARKET ST,LA00415664,10BA0000832,Male,"Excavation, Lane Closure"
4333 ROBARDS LN,LA00437162,10BA0001192,Male,"Excavation, Lane Closure"
922 S 2ND ST,LA00437070,10CA0000886,Male,Lane Closure
1527 PORTLAND AVE,LA00435447,10CA0000990,Male,Lane Closure
3505 GOLDSMITH LN,LA00430423,10AA0001604,Female,"Excavation, Lane Closure"
750 GRADE LN,LA00435997,10AA0002538,Male,"Excavation, Lane Closure"
2701 ROCKFORD LN,LA00398180,10AA0002538,Male,Lane Closure
406 STILZ AVE,LA00434546,10BA0000927,Male,Lane Closure
2201 CROSS HILL RD,LA00433070,10AA0000996,Female,Road Closure
2614 TOP HILL RD,LA00433408,10AA0001133,Male,Road Closure
1018 ELLISON AVE,LA00436982,10BA0000920,Male,Lane Closure
13698 AIKEN RD,LA00434603,10CA0000932,Male,Lane Closure
1735 S 22ND ST,LA00425287,10CA0000971,Male,"Lane Closure, Sidewalk Closure, Utility Cut"
4424 RIVER RD,LA00436504,10CA0000997,Male,"Excavation, Lane Closure"
6310 KENJOY DR,LA00434903,10MU0000926,Male,"Excavation, Lane Closure"
1718 MCCLOSKEY AVE,LA00397054,10MU0000926,Male,"Excavation, Lane Closure"
2201 W MAIN ST,LA00411741,10MU0000926,Male,"Excavation, Lane Closure"
1430 S SHELBY ST,LA00434744,10AA0000944,Male,"Excavation, Lane Closure"
200 E WASHINGTON ST,LA00433054,10AA0001146,Female,Lane Closure
7013 E MANSLICK RD,LA00435763,10BA0000945,Male,"Excavation, Lane Closure"
740 COCHRAN HILL RD,LA00435449,10BA0001021,Male,Road Closure
2614 TOP HILL RD,LA00433068,10BA0001021,Male,Road Closure
1148 S PRESTON ST,LA00437633,10BA0001021,Female,"Lane Closure, Sidewalk Closure"
9120 SHELBYVILLE RD,LA00432752,10BA0001021,Female,Lane Closure
2525 ELLSWORTH AVE,LA00436192,10BA0001026,Male,"Lane Closure, Sidewalk Closure"
7201 JOHNSONTOWN RD,LA00388834,10CA0001150,Female,"Excavation, Lane Closure"
10600 LOWER RIVER RD,LA00434396,10CA0001494,Female,"Excavation, Lane Closure"
211 W MUHAMMAD ALI BLVD,LA00437778,10CA0001494,Male,"Lane Closure, Sidewalk Closure, Temp Parking on Bagged Meter"
600 E LIBERTY ST,LA00433350,10AA0001063,Male,"Lane Closure, Sidewalk Closure"
416 W MUHAMMAD ALI BLVD Unit 100,LA00436896,10AA0001103,Female,"Lane Closure, Sidewalk Closure, Temp Parking on Bagged Meter"
540 S 3RD ST,LA00424401,10AA0001160,Female,"Lane Closure, Sidewalk Closure, Temp Parking on Bagged Meter"
7020 FIELD VIEW CT,LA00429897,10AA0001160,Female,Lane Closure
7118 FIELD RIDGE CT,LA00433460,10BA0001007,Male,"Excavation, Lane Closure"
101 W MUHAMMAD ALI BLVD,LA00434501,10BA0001085,Female,"Excavation, Lane Closure, Sidewalk Closure, Utility Cut"
5000 FIRWOOD LN,LA00434098,10BA0001085,Female,"Excavation, Lane Closure, Utility Cut"
5202 FIRWOOD LN,LA00422490,10BA0001085,Male,"Excavation, Lane Closure, Utility Cut"
4701 ANDALUSIA LN,LA00418363,10CA0000976,Male,"Excavation, Lane Closure, Utility Cut"
100 E JEFFERSON ST,LA00425290,10CA0000979,Female,Lane Closure
1100 CEDAR CT,LA00429930,10CA0000979,Male,Lane Closure
1412 TUCKER STATION RD,LA00431624,10CA0001184,Male,Lane Closure
660 S 8TH ST,LA00435681,10AA0000977,Female,"Excavation, Lane Closure, Sidewalk Closure"
2800 S FLOYD ST,LA00431549,10AA0001012,Male,Lane Closure
3218 BON AIR AVE,LA00394407,10AA0001012,Male,Lane Closure
1087 E KENTUCKY ST,LA00435768,10AA0001012,Female,"Lane Closure, Sidewalk Closure"
626 RAWLINGS ST,LA00437631,10AA0001043,Male,"Lane Closure, Sidewalk Closure"
2336 S FLOYD ST,LA00436299,10AA0001048,Female,"Lane Closure, Sidewalk Closure"
200 E WASHINGTON ST,LA00432711,10AA0001233,Female,Lane Closure
1816 RANGELAND RD,LA00434693,10BA0001467,Male,"Excavation, Lane Closure"
11200 WESTPORT RD,LA00435684,10CA0001068,Female,Utility Cut
315 W BRECKINRIDGE ST,LA00432435,10CA0001098,Female,"Excavation, Lane Closure, Sidewalk Closure, Utility Cut"
101 E JEFFERSON ST,LA00433111,10CA0001107,Male,Lane Closure
4701 SHENANDOAH DR,LA00433360,10CA0001107,Male,"Excavation, Lane Closure, Sidewalk Closure, Utility Cut"
1552 KNIGHT RD,LA00431387,10CA0001107,Female,Lane Closure
4408 ATLAS POWDER RD,LA00429489,10CA0001107,Male,Lane Closure
1710 LINCOLN AVE,LA00437486,10CA0001366,Female,Lane Closure
727 W CHESTNUT ST,LA00435044,10MU0001092,Male,Lane Closure
835 PERENNIAL DR,LA00435991,10MU0001092,Female,Lane Closure
749 VINE ST,LA00433763,10AA0001058,Female,"Excavation, Lane Closure, Sidewalk Closure"
508 M ST,LA00437724,10AA0001058,Male,"Lane Closure, Sidewalk Closure"
5700 WALNUT WAY,LA00435578,10BA0001288,Male,Lane Closure
1908 DEER PARK AVE,LA00421999,10CA0001004,Female,"Excavation, Lane Closure, Sidewalk Closure"
731 BRENT ST,LA00435466,10CA0001066,Female,"Excavation, Lane Closure"
9053 FERN CREEK RD,LA00426210,10CA0001066,Female,"Excavation, Lane Closure"
6220 DUTCHMANS LN,LA00431323,10CA0001112,Male,"Excavation, Lane Closure, Sidewalk Closure"
425 W BROADWAY,LA00429279,10MU0001093,Female,"Lane Closure, Sidewalk Closure, Temp Parking on Bagged Meter"
150 S 3RD ST,LA00434973,10AA0001212,Male,"Lane Closure, Sidewalk Closure, Temp Parking on Bagged Meter"
100 S 2ND ST,LA00388854,10BA0001089,Female,"Lane Closure, Sidewalk Closure"
1517 S 12TH ST,LA00437554,10BA0001113,Male,"Excavation, Lane Closure, Sidewalk Closure"
1340 W ORMSBY AVE,LA00375139,10CA0001050,Female,Lane Closure
1371 LEXINGTON RD,LA00435589,10BA0001078,Male,"Excavation, Lane Closure, Utility Cut"
3101 S 2ND ST,LA00394405,10BA0001078,Male,"Excavation, Lane Closure, Utility Cut"
1520 NORRIS PL,LA00427428,10BA0001297,Male,"Curb Cut, Excavation, Lane Closure"
1311 S SHELBY ST,LA00433779,10CA0001056,Female,Lane Closure
401 S 4TH ST,LA00418370,10CA0001056,Female,"Excavation, Lane Closure, Utility Cut"
,LA00434291,10CA0001056,Female,
,LA00436288,10CA0001056,Male,
,LA00432043,10CA0001060,Female,
,LA00435486,10CA0001060,Female,
,LA00436141,10CA0001060,Female,
,LA00428167,10CA0001595,Male,
,LA00432709,10AA0001155,Male,
,LA00435012,10AA0001155,Male,
,LA00436946,10BA0001172,Female,
,LA00433059,10CA0001181,Male,
,LA00436624,10CA0001476,Male,
,LA00435225,10CA0001476,Female,
,LA00435473,10CA0001476,Female,
,LA00435442,10CA0001752,Female,
,LA00400148,10CA0001752,Male,
,LA00423418,10AA0001149,Male,
,LA00430735,10BA0001190,Female,
,LA00437178,10BA0001190,Male,
,LA00436044,10BA0001190,Female,
,LA00436069,10BA0001335,Male,
,LA00436493,10BA0001335,Male,
,LA00437744,10CA0001175,Male,
,LA00421622,10CA0001920,Male,
,LA00435308,10AA0001209,Male,
,LA00437743,10AA0001701,Male,
,LA00436142,10CA0001262,Female,
,LA00422080,10CA0001329,Female,
,LA00426206,10CA0001329,Female,
,LA00436191,10CA0001329,Female,
,LA00436497,10CA0001329,Female,
,LA00436303,10CA0001329,Male,
,LA00436494,10CA0001329,Female,
,LA00437505,10AA0001236,Male,
,LA00437051,10AA0001267,Female,
,LA00329314,10CA0001222,Male,
,LA00422244,10CA0001222,Female,
,LA00433915,10CA0001271,Female,
,LA00429066,10CA0001300,Male,
,LA00433711,10CA0001413,Female,
,LA00398695,10MU0001215,Female,
,LA00430424,10MU0001289,Male,
,LA00430613,10AA0001235,Male,
,LA00434936,10AA0001446,Female,
,LA00429057,10CA0001322,Male,
,LA00429901,10CA0001333,Male,
,LA00435459,10CA0001333,Female,
,LA00436984,10BA0001326,Male,
,LA00437403,10MU0001261,Male,
,LA00427426,10BA0001328,Female,
,LA00426294,10MU0001281,Female,
,LA00342544,10MU0001361,Male,
,LA00398179,10MU0001361,Male,
,LA00435993,10MU0001361,Male,
,LA00429931,10MU0001361,Male,
,LA00434545,10MU0001319,Male,
,LA00435992,10MU0001319,Female,
,LA00436197,10MU0001319,Female,
,LA00437240,10AA0001350,Male,
,LA00342550,10AA0001531,Female,
,LA00437334,10AA0002067,Female,
,LA00429883,10CA0001400,Male,
,LA00429978,10AA0001362,Male,
,LA00399413,10AA0001437,Male,
,LA00402793,10BA0001375,Male,
,LA00432763,10CA0001445,Male,
,LA00429335,10CA0001458,Male,
,LA00437069,10AA0001396,Male,
,LA00429305,10AA0001434,Male,
,LA00428076,10AA0001676,Male,
,LA00437547,10AA0082105,Female,
,LA00437735,10BA0001411,Female,
,LA00434611,10BA0002459,Male,
,LA00398177,10CA0001408,Female,
,LA00435988,10CA0001417,Male,
,LA00381738,10CA0001443,Female,
,LA00436512,10CA0001443,Female,
,LA00431455,10CA0001443,Male,
,LA00409937,10AA0001397,Female,
,LA00428121,10AA0001622,Male,
,LA00433511,10CA0001452,Male,
,LA00437716,10CA0001459,Male,
,LA00434900,10CA0001459,Female,
,LA00434615,10CA0001716,Female,
,LA00436488,10AA0001435,Male,
,LA00436458,10AA0001435,Female,
,LA00437105,10AA0001435,Female,
,LA00399087,10AA0001438,Male,
,LA00426418,10AA0001532,Male,
,LA00436291,10AA0001532,Male,
,LA00424322,10BA0001433,Male,
,LA00437560,10BA0001454,Female,
,LA00437570,10BA0001454,Female,
,LA00425293,10BA0001454,Female,
,LA00432747,10CA0001620,Female,
,LA00428078,10AA0001453,Female,
,LA00430431,10AA0001453,Female,
,LA00331735,10AA0001453,Male,
,LA00437107,10AA0001453,Male,
,LA00437620,10BA0001845,Female,
,LA00429560,10BA0001845,Male,
,LA00437052,10BA0001845,Male,
,LA00436059,10BA0001845,Male,
,LA00434933,10BA0001845,Male,
,LA00428675,10CA0001456,Male,
,LA00434681,10CA0001456,Female,
,LA00437337,10CA0001754,Male,
,LA00433060,10CA0001515,Male,
,LA00424107,10AA0001552,Male,
,LA00420436,10AA0001570,Male,
,LA00428456,10AA0001577,Male,
,LA00432300,10AA0001626,Female,
,LA00436429,10AA0001638,Male,
,LA00436635,10BA0001602,Female,
,LA00402276,10BA0001605,Male,
,LA00437573,10BA0001623,Female,
,LA00435860,10BA0001625,Male,
,LA00433992,10CA0001567,Female,
,LA00424570,10CA0001709,Male,
,LA00426423,10CA0001709,Male,
,LA00433317,10AA0001548,Female,
,LA00436068,10AA0001635,Female,
,LA00397645,10BA0001535,Male,
,LA00437495,10BA0001689,Female,
,LA00422245,10BA0001689,Female,
,LA00417438,10BA0001689,Male,
,LA00437807,10CA0001576,Female,
,LA00429602,10CA0001576,Male,
,LA00436985,10MU0001656,Male,
,LA00432513,10AA0001598,Male,
,LA00435441,10AA0001598,Female,
,LA00420052,10AA0001598,Male,
,LA00436450,10AA0001614,Male,
,LA00434901,10AA0001630,Male,
,LA00427817,10BA0001673,Male,
,LA00436940,10BA0001685,Male,
,LA00432764,10CA0001596,Male,
,LA00436298,10CA0001672,Female,
,LA00433536,10CA0001758,Male,
,LA00428112,10AA0001621,Female,
,LA00437071,10AA0001694,Male,
,LA00434326,10BA0001687,Female,
,LA00434051,10BA0002219,Male,
,LA00436568,10CA0001713,Female,
,LA00437548,10BA0001702,Male,
,LA00437358,10BA0001702,Female,
,LA00420744,10CA0001926,Male,
,LA00435451,10CA0001926,Male,
,LA00433192,10CA0001926,Male,
,LA00437544,10MU0001700,Male,
,LA00434329,10AA0002071,Female,
,LA00436286,10BA0001665,Female,
,LA00436983,10BA0001934,Male,
,LA00437063,10BA0002235,Male,
,LA00418372,10BA0002235,Male,
,LA00434000,10BA0002235,Male,
,LA00377633,10BA0002235,Male,
,LA00433780,10BA0002235,Female,
,LA00435422,10MU0001832,Male,
,LA00435167,10AA0001714,Female,
,LA00397355,10AA0001735,Male,
,LA00426125,10AA0001766,Female,
,LA00436570,10AA0001774,Male,
,LA00433820,10BA0002293,Female,
,LA00429837,10MU0002013,Female,
,LA00420766,10BA0001736,Male,
,LA00421608,10BA0001736,Female,
,LA00429089,10CA0001764,Female,
,LA00435446,10CA0001924,Male,
,LA00436258,10MU0001750,Female,
,LA00428459,10AA0001822,Male,
,LA00437058,10AA0002103,Male,
,LA00418358,10BA0001837,Female,
,LA00435769,10CA0001757,Male,
,LA00432301,10CA0001768,Male,
,LA00429277,10CA0001811,Male,
,LA00435755,10CA0001813,Male,
,LA00429980,10CA0001813,Male,
,LA00432757,10CA0001813,Female,
,LA00435307,10CA0001813,Male,
,LA00429064,10CA0001813,Male,
,LA00434627,10CA0001813,Female,
,LA00433406,10CA0001933,Male,
,LA00436285,10AA0001805,Female,
,LA00433772,10AA0001918,Male,
,LA00435467,10AA0002171,Male,
,LA00437397,10AA0002221,Male,
,LA00412301,10BA0001930,Female,
,LA00432157,10CA0001796,Male,
,LA00437098,10MU0001815,Female,
,LA00433913,10AA0002501,Male,
,LA00437487,10BA0001821,Female,
,LA00435462,10CA0001872,Male,
,LA00398970,10CA0002041,Male,
,LA00398497,10CA0002041,Female,
,LA00434393,10AA0001949,Male,
,LA00422429,10BA0001840,Female,
,LA00432112,10BA0002216,Male,
,LA00432931,10CA0001846,Male,
,LA00436889,10BA0001824,Female,
,LA00432887,10BA0001824,Female,
,LA00436686,10BA0001824,Female,
,LA00436063,10BA0001867,Male,
,LA00437103,10BA0002227,Male,
,LA00428117,10CA0001835,Male,
,LA00437777,10CA0001835,Male,
,LA00432546,10AA0001955,Male,
,LA00437806,10BA0001819,Female,
,LA00427485,10AA0001927,Female,
,LA00434863,10AA0002101,Male,
,LA00433069,10BA0001917,Female,
,LA00426736,10BA0001919,Male,
,LA00342547,10BA0001925,Male,
,LA00433771,10BA0002043,Female,
,LA00433677,10AA0001981,Female,
,LA00424998,10AA0002075,Male,
,LA00437405,10AA0002084,Male,
,LA00397639,10AA0002096,Male,
,LA00428457,10AA0002096,Male,
,LA00436626,10AA0002096,Male,
,LA00435304,10AA0002096,Male,
,LA00434551,10BA0002028,Male,
,LA00436687,10BA0002028,Male,
,LA00436676,10BA0002032,Female,
,LA00436744,10BA0002035,Male,
,LA00437065,10BA0002363,Male,
,LA00437056,10CA0001922,Female,
,LA00435908,10CA0001937,Male,
,LA00336314,10AA0002070,Male,
,LA00437106,10AA0002072,Male,
,LA00436436,10AA0002077,Female,
,LA00436844,10CA0001991,Male,
,LA00432869,10CA0002111,Male,
,LA00339141,10AA0002078,Male,
,LA00437108,10AA0002078,Male,
,LA00434494,10AA0002089,Female,
,LA00398932,10AA0002089,Male,
,LA00433709,10AA0002185,Male,
,LA00428676,10BA0002030,Male,
,LA00432755,10BA0002085,Male,
,LA00420765,10BA0002085,Female,
,LA00435251,10BA0002139,Female,
,LA00424292,10CA0002001,Male,
,LA00418365,10CA0002040,Male,
,LA00436364,10MU0002003,Male,
,LA00432519,10AA0002113,Male,
,LA00435412,10BA0002068,Male,
,LA00432221,10MU0002002,Male,
,LA00432216,10MU0002002,Female,
,LA00430932,10MU0002056,Male,
,LA00432294,10MU0002056,Female,
,LA00420051,10MU0002056,Female,
,LA00431333,10BA0002081,Female,
,LA00437556,10BA0002266,Male,
,LA00431625,10CA0002074,Female,
,LA00436190,10CA0002214,Male,
,LA00435662,10CA0002341,Male,
,LA00428623,10BA0002151,Male,
,LA00437404,10CA0002128,Male,
,LA00433403,10CA0002166,Female,
,LA00426656,10BA0002228,Male,
,LA00437619,10BA0003378,Male,
,LA00435301,10CA0002186,Female,
,LA00395748,10CA0002292,Male,
,LA00436017,10CA0002292,Female,
,LA00435862,10CA0002292,Female,
,LA00434537,10CA0002343,Female,
,LA00434893,10CA0002343,Female,
,LA00432042,10CA0002343,Female,
,LA00435440,10MU0002161,Female,
,LA00425250,10BA0002220,Female,
,LA00434610,10BA0002286,Female,
,LA00435413,10BA0002286,Female,
,LA00424590,10CA0002177,Female,
,LA00436507,10MU0002211,Female,
,LA00436311,10MU0002211,Male,
,LA00432326,10AA0002168,Female,
,LA00436290,10AA0002173,Male,
,LA00339259,10AA0002173,Male,
,LA00389943,10AA0002244,Male,
,LA00429336,10BA0002299,Female,
,LA00429092,10BA0002313,Male,
,LA00437809,10BA0002313,Male,
,LA00434855,10BA0002313,Male,
,LA00436071,10BA0002423,Female,
,LA00437402,10BA0126930,Male,
,LA00435487,10CA0002250,Male,
,LA00434905,10AA0002233,Male,
,LA00435228,10AA0002233,Female,
,LA00431398,10AA0002233,Male,
,LA00388836,10AA0002233,Male,
,LA00402659,10AA0002245,Male,
,LA00420437,10AA0002317,Male,
,LA00434327,10AA0002320,Female,
,LA00433818,10BA0002218,Female,
,LA00429063,10BA0002218,Female,
,LA00433465,10CA0002210,Male,
,LA00436496,10AA0002230,Male,
,LA00375749,10BA0002197,Male,
,LA00432537,10BA0002239,Male,
,LA00433687,10BA0002301,Female,
,LA00433785,10CA0002206,Female,
,LA00427403,10CA0002213,Male,
,LA00437396,10CA0002291,Female,
,LA00433401,10MU0002457,Female,
,LA00433548,10BA0002372,Male,
,LA00435432,10CA0002297,Male,
,LA00435437,10CA0002302,Male,
,LA00434538,10CA0002312,Male,
,LA00434401,10CA0002336,Male,
,LA00429926,10AA0002368,Female,
,LA00433683,10AA0002370,Female,
,LA00431931,10AA0003115,Male,
,LA00437561,10BA0002340,Female,
,LA00432753,10BA0002344,Male,
,LA00426421,10BA0002380,Female,
,LA00433516,10BA0002380,Male,
,LA00428458,10BA0002380,Male,
,LA00436843,10MU0002347,Female,
,LA00435435,10AA0002376,Female,
,LA00422653,10BA0002414,Female,
,LA00436297,10BA0002417,Female,
,LA00411091,10BA0002435,Female,
,LA00437502,10BA0002498,Female,
,LA00435201,10CA0002558,Male,
,LA00436015,10CA0002558,Female,
,LA00436292,10AA0002387,Male,
,LA00430443,10BA0002482,Male,
,LA00431806,10CA0002361,Male,
,LA00431235,10CA0002390,Male,
,LA00434101,10CA0002392,Female,
,LA00435418,10CA0002422,Male,
,LA00432746,10CA0002468,Female,
,LA00436689,10CA0002561,Female,
,LA00385061,10MU0002409,Male,
,LA00436070,10MU0002409,Male,
,LA00416514,10MU0002433,Female,
,LA00434857,10MU0002450,Female,
,LA00433614,10AA0002375,Female,
,LA00434554,10AA0002395,Male,
,LA00436422,10AA0002442,Male,
,LA00432751,10AA0002442,Male,
,LA00329311,10AA0002442,Male,
,LA00433773,10BA0002438,Male,
,LA00429832,10BA0002454,Male,
,LA00432533,10BA0002454,Male,
,LA00437637,10BA0002454,Female,
,LA00436634,10BA0002464,Female,
,LA00433041,10BA0002464,Female,
,LA00434532,10BA0002473,Male,
,LA00435436,10CA0002554,Male,
,LA00437741,10CA0002554,Female,
,LA00416515,10CA0002563,Male,
,LA00428952,10AA0002360,Male,
,LA00436708,10AA0002360,Male,
,LA00431204,10AA0002360,Male,
,LA00437736,10AA0002360,Male,
,LA00433767,10BA0002471,Male,
,LA00428120,10BA0003351,Female,
,LA00437621,10BA0003451,Male,
,LA00429059,10CA0002472,Female,
,LA00437336,10CA0002472,Female,
,LA00436690,10AA0002386,Male,
,LA00425666,10AA0002698,Male,
,LA00436277,10AA0002698,Female,
,LA00435162,10BA0002467,Male,
,LA00429841,10BA0004480,Male,
,LA00404095,10CA0002743,Male,
,LA00378642,10AA0002388,Female,
,LA00424626,10AA0002388,Male,
,LA00435460,10AA0002388,Female,
,LA00399493,10AA0002673,Female,
,LA00436615,10MU0139624,Male,
,LA00434960,10AA0002507,Female,
,LA00432745,10AA0002507,Female,
,LA00434856,10AA0002644,Male,
,LA00436363,10BA0002530,Female,
,LA00422249,10MU0002531,Male,
,LA00436809,10AA0002520,Male,
,LA00435767,10AA0002520,Male,
,LA00331276,10AA0002520,Female,
,LA00437462,10AA0002520,Female,
,LA00435433,10AA0002533,Male,
,LA00435429,10AA0002533,Male,
,LA00434119,10AA0002533,Female,
,LA00432627,10BA0002613,Male,
,LA00437057,10BA0002613,Male,
,LA00434493,10CA0002543,Female,
,LA00415556,10CA0002652,Male,
,LA00429798,10CA0002652,Male,
,LA00437094,10CA0002652,Male,
,LA00429827,10MU0002547,Male,
,LA00429840,10AA0002579,Male,
,LA00435843,10BA0002535,Male,
,LA00424031,10BA0002535,Female,
,LA00436140,10CA0002596,Female,
,LA00339267,10CA0002609,Female,
,LA00434547,10CA0002609,Male,
,LA00437072,10DA0002623,Male,
,LA00435671,10AA0002551,Male,
,LA00398960,10AA0002551,Male,
,LA00428835,10AA0002551,Male,
,LA00434553,10AA0002551,Female,
,LA00435438,10BA0003461,Female,
,LA00434478,10CA0002624,Male,
,LA00434414,10AA0002622,Male,
,LA00433527,10BA0002584,Male,
,LA00424587,10BA0002585,Male,
,LA00381735,10BA0002594,Male,
,LA00437739,10BA0002610,Male,
,LA00435253,10BA0002610,Male,
,LA00435581,10BA0002610,Male,
,LA00437740,10BA0002610,Female,
,LA00435801,10BA0003100,Male,
,LA00437731,10CA0002597,Female,
,LA00436412,10CA0002617,Male,
,LA00437559,10CA0002649,Female,
,LA00434500,10CA0002649,Male,
,LA00346128,10CA0002649,Female,
,LA00435420,10AA0002660,Female,
,LA00435680,10AA0002660,Female,
,LA00398046,10BA0002741,Male,
,LA00435673,10AA0002863,Male,
,LA00435663,10BA0002631,Female,
,LA00428088,10BA0003585,Female,
,LA00436680,10BA0003585,Female,
,LA00428119,10AA0002708,Female,
,LA00414143,10AA0002708,Female,
,LA00437533,10AA0002718,Male,
,LA00408214,10BA0002830,Male,
,LA00432199,10AA0002690,Male,
,LA00432156,10AA0002736,Male,
,LA00437742,10AA0002736,Female,
,LA00427686,10AA0002736,Male,
,LA00434087,10AA0002736,Female,
,,10BA0002693,Male,
,,10BA0003376,Female,
,,10BA0003376,Female,
,,10CA0002731,Male,
,,10CA0002735,Male,
,,10CA0002738,Female,
,,10CA0002787,Female,
,,10CA0002814,Female,
,,10MU0002737,Female,
,,10AA0002745,Male,
,,10CA0002727,Male,
,,10BA0002809,Female,
,,10BA0003816,Female,
,,10BA0003816,Female,
,,10BA0157603,Female,
,,10BA0157603,Male,
,,10CA0002832,Male,
,,10AA0002828,Male,
,,10AA0002828,Male,
,,10AA0003148,Male,
,,10BA0002812,Male,
,,10AA0002821,Male,
,,10BA0002835,Female,
,,10BA0002859,Male,
,,10BA0002864,Male,
,,10CA0002829,Female,
,,10CA0160378,Male,
,,10AA0002817,Male,
,,10AA0002907,Male,
,,10CA0002881,Male,
,,10CA0002883,Male,
,,10AA0002877,Female,
,,10AA0002877,Female,
,,10AA0002909,Male,
,,10BA0002987,Male,
,,10CA0002851,Female,
,,10CA0002898,Male,
,,10CA0002898,Female,
,,10CA0003077,Male,
,,10AA0002892,Male,
,,10AA0002911,Female,
,,10AA0002933,Male,
,,10AA0003106,Female,
,,10BA0003171,Male,
,,10BA0003171,Female,
,,10BA0003460,Male,
,,10CA0002912,Male,
,,10CA0002944,Male,
,,10CA0002979,Male,
,,10AA0002998,Male,
,,10BA0003368,Male,
,,10CA0002928,Male,
,,10CA0002949,Male,
,,10CA0002997,Female,
,,10CA0003045,Female,
,,10DA0002964,Female,
,,10DA0002964,Female,
,,10BA0002939,Male,
,,10BA0002977,Male,
,,10BA0002977,Female,
,,10BA0003001,Female,
,,10BA0003001,Male,
,,10BA0005780,Male,
,,10CA0002954,Female,
,,10CA0002954,Female,
,,10CA0002954,Female,
,,10CA0003659,Male,
,,10AA0002993,Male,
,,10BA0002983,Male,
,,10BA0002983,Female,
,,10BA0002983,Female,
,,10MU0003046,Female,
,,10AA0003007,Male,
,,10AA0003012,Female,
,,10AA0003024,Female,
,,10AA0003098,Male,
,,10AA0003098,Female,
,,10BA0003088,Female,
,,10CA0003006,Male,
,,10CA0003061,Female,
,,10CA0003061,Male,
,,10CA0003192,Female,
,,10AA0003042,Male,
,,10BA0003067,Male,
,,10BA0003097,Female,
,,10BA0003097,Male,
,,10BA0003123,Female,
,,10BA0003123,Male,
,,10BA0003123,Female,
,,10BA0003124,Male,
,,10CA0003055,Female,
,,10CA0003105,Male,
,,10CA0003231,Female,
,,10AA0003064,Female,
,,10AA0003326,Male,
,,10AA0003326,Female,
,,10BA0003108,Female,
,,10CA0003109,Male,
,,10CA0003239,Female,
,,10CA0003307,Male,
,,10CA0003307,Male,
,,10MU0003215,Female,
,,10AA0003102,Female,
,,10AA0003116,Female,
,,10AA0003116,Female,
,,10BA0003908,Male,
,,10BA0003908,Female,
,,10CA0003198,Female,
,,10MU0003290,Female,
,,10AA0003107,Male,
,,10AA0003127,Male,
,,10AA0003252,Male,
,,10AA0003252,Female,
,,10CA0003113,Female,
,,10CA0003165,Female,
,,10CA0003201,Female,
,,10CA0003201,Female,
,,10MU0003225,Female,
,,10AA0003095,Male,
,,10AA0003332,Female,
,,10AA0003332,Female,
,,10AA0003377,Female,
,,10BA0003159,Male,
,,10BA0004198,Male,
,,10CA0003158,Female,
,,10AA0003470,Male,
,,10AA0003470,Female,
,,10AA0003470,Male,
,,10BA0003177,Male,
,,10BA0003199,Male,
,,10BA0003199,Female,
,,10BA0003199,Female,
,,10BA0003199,Male,
,,10AA0003218,Male,
,,10CA0003654,Male,
,,10MU0003329,Female,
,,10AA0003666,Female,
,,10BA0003228,Male,
,,10BA0003361,Female,
,,10CA0003224,Male,
,,10CA0003265,Female,
,,10AA0003335,Male,
,,10AA0003359,Male,
,,10BA0003412,Male,
,,10BA0003806,Female,
,,10CA0003263,Male,
,,10CA0003285,Female,
,,10CA0003292,Female,
,,10AA0003322,Male,
,,10BA0003325,Male,
,,10BA0003343,Male,
,,10BA0003387,Female,
,,10BA0003387,Female,
,,10CA0003321,Male,
,,10CA0003321,Female,
,,10CA0003327,Male,
,,10MU0003364,Female,
,,10AA0003315,Male,
,,10AA0003315,Female,
,,10AA0003315,Female,
,,10AA0003315,Male,
,,10AA0003324,Female,
,,10BA0003384,Female,
,,10CA0003379,Female,
,,10CA0003379,Male,
,,10CA0003379,Female,
,,10CA0003379,Female,
,,10CA0003379,Female,
,,10CA0003496,Male,
,,10CA0003568,Female,
,,10CA0003568,Female,
,,10CA0003568,Female,
,,10CA0003568,Female,
,,10MU0003462,Female,
,,10AA0003311,Male,
,,10BA0003396,Male,
,,10BA0003414,Male,
,,10BA0003572,Female,
,,10CA0003374,Female,
,,10CA0004411,Male,
,,10AA0003375,Female,
,,10AA0003375,Male,
,,10AA0003375,Female,
,,10AA0003458,Female,
,,10AA0003524,Male,
,,10BA0003336,Male,
,,10BA0003336,Male,
,,10BA0003356,Male,
,,10BA0003415,Male,
,,10BA0003415,Female,
,,10BA0003514,Female,
,,10BA0003576,Female,
,,10CA0003348,Male,
,,10MU0003472,Male,
,,10AA0003459,Male,
,,10AA0003459,Male,
,,10AA0003676,Female,
,,10BA0003457,Male,
,,10CA0003439,Female,
,,10BA0196118,Female,
,,10CA0003477,Male,
,,10CA0003477,Female,
,,10CA0004300,Male,
,,10AA0004038,Male,
,,10AA0004041,Male,
,,10BA0003538,Male,
,,10BA0003560,Female,
,,10CA0003522,Male,
,,10CA0003547,Male,
,,10AA0003504,Male,
,,10AA0003646,Male,
,,10AA0003646,Male,
,,10BA0003535,Male,
,,10BA0003535,Male,
,,10BA0003561,Male,
,,10BA0003584,Female,
,,10BA0003584,Female,
,,10CA0003605,Female,
,,10CA0003732,Male,
,,10CA0003732,Male,
,,10AA0003603,Female,
,,10AA0003603,Female,
,,10AA0003603,Female,
,,10BA0003515,Male,
,,10BA0003569,Male,
,,10BA0003569,Female,
,,10CA0003577,Male,
,,10CA0003611,Female,
,,10AA0003579,Male,
,,10AA0003579,Male,
,,10AA0003579,Female,
,,10BA0003587,Male,
,,10BA0003616,Female,
,,10AA0003635,Male,
,,10AA0003660,Female,
,,10CA0003639,Male,
,,10CA0003730,Male,
,,10CA0003733,Male,
,,10AA0003618,Female,
,,10AA0003650,Male,
,,10AA0003657,Male,
,,10AA0003663,Female,
,,10AA0003678,Female,
,,10BA0003765,Male,
,,10CA0003679,Male,
,,10AA0003692,Female,
,,10AA0003720,Male,
,,10AA0003741,Female,
,,10AA0003869,Male,
,,10BA0003658,Male,
,,10BA0003658,Female,
,,10BA0003658,Female,
,,10BA0207610,Male,
,,10CA0003689,Male,
,,10CA0003780,Male,
,,10AA0004015,Female,
,,10BA0003718,Male,
,,10CA0003739,Male,
,,10AA0003872,Male,
,,10BA0003821,Female,
,,10CA0003787,Male,
,,10CA0003787,Male,
,,10CA0003881,Male,
,,10MU0003833,Male,
,,10BA0003812,Male,
,,10CA0003979,Male,
,,10AA0003743,Female,
,,10AA0003743,Male,
,,10AA0004036,Male,
,,10BA0003798,Male,
,,10BA0003825,Male,
,,10BA0003825,Female,
,,10MU0003814,Female,
,,10MU0003814,Female,
,,10BA0003805,Male,
,,10BA0003813,Male,
,,10BA0003813,Female,
,,10BA0003813,Male,
,,10BA0003841,Male,
,,10BA0003841,Male,
,,10CA0003836,Male,
,,10AA0003875,Male,
,,10AA0003875,Male,
,,10BA0003867,Female,
,,10BA0003867,Female,
,,10CA0003839,Male,
,,10CA0003839,Female,
,,10CA0003839,Male,
,,10CA0003839,Female,
,,10CA0003839,Female,
,,10CA0003839,Female,
,,10MU0004133,Female,
,,10AA0003984,Male,
,,10AA0004006,Male,
,,10AA0004030,Male,
,,10BA0003864,Female,
,,10BA0003989,Male,
,,10CA0003863,Male,
,,10AA0003987,Male,
,,10BA0003940,Male,
,,10BA0003946,Male,
,,10BA0003990,Male,
,,10BA0003991,Male,
,,10BA0004009,Male,
,,10BA0004031,Male,
,,10CA0003980,Female,
,,10CA0004003,Male,
,,10CA0004046,Female,
,,10MU0004070,Female,
,,10AA0003985,Male,
,,10AA0004829,Female,
,,10BA0003981,Male,
,,10BA0004013,Female,
,,10BA0004017,Male,
,,10BA0004032,Female,
,,10CA0003969,Female,
,,10CA0003993,Male,
,,10AA0003988,Female,
,,10AA0003988,Male,
,,10AA0003988,Male,
,,10AA0003988,Male,
,,10AA0005095,Female,
,,10AA0005095,Female,
,,10BA0003982,Female,
,,10BA0003998,Male,
,,10BA0003998,Male,
,,10BA0003998,Female,
,,10BA0004035,Female,
,,10BA0004035,Female,
,,10BA0004039,Male,
,,10BA0004039,Female,
,,10BA0004039,Female,
,,10CA0003942,Male,
,,10CA0003968,Female,
,,10MU0005777,Male,
,,10MU0005777,Female,
,,10AA0003996,Male,
,,10AA0003996,Male,
,,10AA0004252,Male,
,,10BA0004196,Male,
,,10BA0004196,Female,
,,10CA0003986,Male,
,,10CA0004101,Female,
,,10AA0003945,Male,
,,10AA0004284,Male,
,,10BA0004150,Male,
,,10BA0004153,Male,
,,10MU0004061,Male,
,,10MU0004061,Female,
,,10AA0004096,Female,
,,10AA0004367,Female,
,,10BA0004140,Female,
,,10CA0004021,Female,
,,10CA0004044,Male,
,,10CA0004044,Female,
,,10CA0004059,Female,
,,10CA0004059,Female,
,,10AA0004071,Female,
,,10AA0005740,Male,
,,10BA0004123,Male,
,,10BA0004123,Female,
,,10BA0004197,Female,
,,10BA0004519,Female,
,,10BA0004519,Male,
,,10BA0004519,Female,
,,10AA0004590,Male,
,,10BA0004135,Male,
,,10BA0004135,Male,
,,10BA0004159,Female,
,,10AA0004083,Male,
,,10AA0004173,Male,
,,10AA0004177,Male,
,,10AA0004177,Male,
,,10AA0004224,Male,
,,10BA0004128,Female,
,,10BA0004129,Male,
,,10BA0004129,Male,
,,10BA0004129,Female,
,,10BA0004152,Male,
,,10BA0004157,Female,
,,10BA0004214,Female,
,,10MU0004725,Female,
,,10MU0004725,Female,
,,10MU0004725,Female,
,,10BA0004124,Male,
,,10BA0004125,Male,
,,10BA0004125,Male,
,,10CA0004122,Male,
,,10CA0004122,Male,
,,10CA0004122,Female,
,,10CA0004122,Male,
,,10CA0004156,Female,
,,10CA0004156,Female,
,,10CA0004242,Female,
,,10MU0004172,Male,
,,10MU0004172,Male,
,,10MU0004178,Male,
,,10MU0004178,Female,
,,10AA0004258,Male,
,,10MU0004185,Male,
,,10AA0004174,Female,
,,10AA0004203,Male,
,,10AA0004203,Male,
,,10AA0004244,Female,
,,10BA0004144,Male,
,,10BA0004144,Male,
,,10BA0004213,Female,
,,10BA0004225,Female,
,,10MU0004602,Male,
,,10AA0004254,Female,
,,10AA0004256,Female,
,,10AA0004278,Male,
,,10AA0004375,Female,
,,10AA0004375,Female,
,,10CA0004239,Female,
,,10CA0004290,Female,
,,10CA0004290,Female,
,,10CA0004290,Female,
,,10AA0004210,Female,
,,10AA0004243,Male,
,,10AA0004243,Male,
,,10AA0004243,Male,
,,10AA0004243,Male,
,,10BA0004217,Male,
,,10BA0004341,Male,
,,10BA0004373,Male,
,,10CA0004263,Male,
,,10CA0004279,Male,
,,10CA0004279,Male,
,,10CA0004279,Male,
,,10AA0005475,Male,
,,10BA0004339,Male,
,,10BA0004365,Female,
,,10BA0004371,Female,
,,10BA0004371,Female,
,,10BA0004371,Male,
,,10CA0004317,Female,
,,10CA0004388,Male,
,,10BA0241025,Male,
,,10CA0004260,Male,
,,10CA0004285,Female,
,,10MU0004310,Male,
,,10MU0004310,Male,
,,10MU0004323,Male,
,,10MU0004418,Male,
,,10AA0004343,Male,
,,10AA0004364,Male,
,,10AA0004382,Female,
,,10AA0004382,Male,
,,10CA0004270,Male,
,,10CA0004301,Male,
,,10AA0004374,Male,
,,10AA0004424,Female,
,,10AA0004443,Female,
,,10AA0004443,Male,
,,10BA0004503,Male,
,,10BA0004503,Female,
,,10CA0004331,Male,
,,10CA0004447,Female,
,,10AA0004344,Male,
,,10BA0004410,Male,
,,10BA0006990,Male,
,,10AA0004423,Male,
,,10AA0004423,Female,
,,10AA0004423,Male,
,,10AA0004423,Male,
,,10AA0004446,Female,
,,10AA0004446,Male,
,,10AA0004521,Male,
,,10BA0004392,Male,
,,10BA0004396,Male,
,,10BA0004396,Male,
,,10BA0004409,Male,
,,10BA0004415,Male,
,,10CA0004353,Female,
,,10CA0004381,Female,
,,10CA0004391,Male,
,,10CA0004504,Male,
,,10CA0004504,Male,
,,10AA0004438,Male,
,,10AA0004945,Male,
,,10BA0004416,Male,
,,10BA0004489,Male,
,,10CA0004485,Male,
,,10CA0004496,Male,
,,10CA0004507,Male,
,,10CA0004507,Female,
,,10BA0004478,Male,
,,10BA0004493,Male,
,,10BA0004499,Male,
,,10BA0004499,Male,
,,10BA0004951,Female,
,,10BA0004951,Female,
,,10BA0006989,Female,
,,10BA0006989,Female,
,,10CA0004487,Male,
,,10CA0004487,Male,
,,10MU0004501,Male,
,,10MU0004502,Female,
,,10AA0004482,Male,
,,10BA0004465,Female,
,,10BA0004465,Female,
,,10BA0006540,Male,
,,10BA0006540,Male,
,,10AA0004454,Male,
,,10AA0004454,Female,
,,10AA0004468,Male,
,,10AA0004468,Female,
,,10AA0004582,Male,
,,10MU0004529,Male,
,,10AA0004527,Male,
,,10AA0004527,Male,
,,10AA0004527,Female,
,,10AA0004547,Male,
,,10AA0004557,Female,
,,10BA0004575,Male,
,,10BA0004575,Male,
,,10BA0004575,Male,
,,10BA0004594,Female,
,,10CA0004567,Female,
,,10MU0004600,Female,
,,10MU0004600,Male,
,,10BA0004578,Male,
,,10BA0004578,Female,
,,10BA0004586,Female,
,,10BA0004638,Male,
,,10BA0004729,Male,
,,10CA0004616,Male,
,,10MU0004645,Female,
,,10AA0004579,Female,
,,10AA0004584,Male,
,,10AA0004972,Female,
,,10AA0004972,Male,
,,10AA0004972,Male,
,,10BA0004593,Female,
,,10CA0004581,Female,
,,10CA0004589,Female,
,,10CA0004607,Male,
,,10CA0004756,Female,
,,10MU0004723,Male,
,,10MU0004723,Male,
,,10MU0004723,Female,
,,10MU0004723,Male,
,,10MU0004723,Male,
,,10MU0004723,Male,
,,10AA0004642,Male,
,,10AA0004662,Female,
,,10BA0004630,Male,
,,10BA0004693,Female,
,,10BA0004937,Male,
,,10MU0004644,Female,
,,10AA0004920,Female,
,,10MU0004643,Female,
,,10MU0004643,Male,
,,10AA0004691,Male,
,,10BA0004715,Female,
,,10CA0004637,Male,
,,10CA0004637,Female,
,,10MU0004779,Male,
,,10AA0004722,Female,
,,10AA0004722,Female,
,,10BA0004726,Female,
,,10CA0004701,Female,
,,10CA0004794,Male,
,,10CA0004794,Female,
,,10CA0004796,Female,
,,10MU0004732,Male,
,,10AA0004752,Female,
,,10BA0004751,Male,
,,10CA0004758,Male,
,,10CA0004770,Female,
,,10CA0004884,Male,
,,10CA0004884,Female,
,,10AA0004780,Male,
,,10BA0004748,Female,
,,10BA0004839,Female,
,,10BA0004841,Female,
,,10BA0004847,Female,
,,10BA0004847,Male,
,,10BA0004903,Female,
,,10BA0004903,Female,
,,10CA0004999,Male,
,,10AA0004785,Male,
,,10BA0004803,Male,
,,10MU0004797,Female,
,,10AA0005075,Male,
,,10BA0004804,Male,
,,10BA0004804,Female,
,,10CA0004806,Male,
,,10CA0004882,Male,
,,10CA0004882,Female,
,,10CA0004882,Female,
,,10CA0004882,Female,
,,10AA0004802,Female,
,,10AA0004928,Female,
,,10AA0004928,Female,
,,10AA0004928,Female,
,,10AA0004928,Female,
,,10AA0004934,Male,
,,10CA0004915,Female,
,,10CA0004915,Female,
,,10AA0004935,Male,
,,10AA0004935,Female,
,,10AA0004831,Male,
,,10AA0004831,Male,
,,10AA0004831,Female,
,,10AA0004831,Female,
,,10AA0004890,Male,
,,10BA0004881,Male,
,,10BA0004896,Female,
,,10BA0004897,Male,
,,10BA0004897,Male,
,,10BA0004901,Male,
,,10BA0004902,Male,
,,10BA0004902,Male,
,,10BA0004902,Male,
,,10BA0004904,Male,
,,10BA0004910,Female,
,,10CA0004888,Male,
,,10AA0004938,Male,
,,10AA0278852,Male,
,,10MU0005013,Female,
,,10MU0005013,Female,
,,10AA0004964,Female,
,,10BA0004965,Male,
,,10BA0004965,Female,
,,10BA0004968,Male,
,,10AA0005063,Male,
,,10CA0005036,Female,
,,10CA0005036,Female,
,,10CA0005036,Male,
,,10CA0005036,Female,
,,10MU0005011,Male,
,,10MU0005011,Female,
,,10MU0005011,Female,
,,10MU0005033,Female,
,,10MU0005037,Male,
,,10MU0005037,Female,
,,10AA0004958,Male,
,,10AA0004963,Male,
,,10AA0004963,Male,
,,10AA0004963,Male,
,,10AA0004971,Male,
,,10AA0004971,Male,
,,10AA0004971,Male,
,,10AA0005101,Male,
,,10BA0005146,Male,
,,10BA0005146,Male,
,,10CA0004997,Male,
,,10CA0005014,Female,
,,10CA0005658,Female,
,,10AA0005118,Female,
,,10BA0005008,Male,
,,10BA0005038,Female,
,,10BA0005157,Male,
,,10MU0005057,Male,
,,10MU0005060,Male,
,,10MU0005060,Female,
,,10AA0005070,Male,
,,10AA0005070,Female,
,,10AA0005110,Male,
,,10BA0005006,Male,
,,10BA0005028,Male,
,,10BA0005039,Female,
,,10BA0005064,Male,
,,10BA0005073,Female,
,,10BA0005076,Male,
,,10CA0006321,Female,
,,10CA0006321,Female,
,,10MU0005058,Male,
,,10AA0005049,Male,
,,10AA0005052,Male,
,,10AA0005062,Male,
,,10AA0005355,Male,
,,10BA0005068,Male,
,,10BA0005068,Male,
,,10BA0005068,Female,
,,10BA0005068,Female,
,,10CA0005085,Female,
,,10MU0005111,Female,
,,10CA0005087,Male,
,,10CA0005093,Female,
,,10CA0005189,Female,
,,10MU0005109,Male,
,,10MU0005109,Female,
,,10AA0005133,Female,
,,10AA0005144,Female,
,,10AA0005156,Male,
,,10AA0005156,Male,
,,10BA0005168,Male,
,,10CA0005143,Male,
,,10CA0005145,Female,
,,10MU0005154,Male,
,,10MU0005154,Female,
,,10AA0005120,Female,
,,10AA0005155,Male,
,,10AA0005155,Male,
,,10AA0005155,Male,
,,10BA0005845,Female,
,,10BA0005845,Male,
,,10BA0005845,Female,
,,10BA0005845,Male,
,,10AA0005126,Female,
,,10AA0005137,Male,
,,10BA0005177,Male,
,,10BA0005187,Female,
,,10BA0005187,Female,
,,10CA0005131,Male,
,,10AA0005326,Male,
,,10BA0005169,Male,
,,10BA0005169,Female,
,,10BA0005169,Female,
,,10CA0005172,Male,
,,10CA0005172,Male,
,,10CA0005206,Female,
,,10AA0005207,Male,
,,10AA0005218,Female,
,,10AA0005218,Female,
,,10AA0005243,Female,
,,10AA0005243,Female,
,,10BA0005236,Female,
,,10MU0005205,Female,
,,10AA0005213,Male,
,,10AA0005216,Male,
,,10AA0005220,Female,
,,10AA0005220,Female,
,,10AA0005222,Female,
,,10AA0005222,Male,
,,10BA0005233,Male,
,,10BA0005233,Male,
,,10BA0005233,Male,
,,10BA0005244,Male,
,,10BA0005258,Female,
,,10BA0005364,Male,
,,10CA0005214,Female,
,,10CA0005276,Male,
,,10AA0005242,Male,
,,10AA0005261,Female,
,,10AA0005261,Male,
,,10BA0005264,Male,
,,10CA0005234,Female,
,,10MU0005328,Female,
,,10AA0005277,Male,
,,10AA0005320,Female,
,,10AA0005343,Female,
,,10BA0005287,Female,
,,10BA0005287,Male,
,,10CA0005245,Female,
,,10CA0005283,Male,
,,10BA0005294,Female,
,,10BA0005295,Female,
,,10BA0005322,Male,
,,10CA0005340,Male,
,,10AA0005300,Male,
,,10AA0005700,Male,
,,10BA0005298,Male,
,,10BA0005301,Male,
,,10BA0005310,Male,
,,10MU0005302,Male,
,,10MU0005317,Male,
,,10MU0005317,Male,
,,10MU0005317,Male,
,,10MU0005317,Male,
,,10MU0005317,Male,
,,10MU0005317,Male,
,,10MU0005317,Male,
,,10MU0005317,Male,
,,10MU0005317,Male,
,,10MU0005317,Male,
,,10MU0005317,Male,
,,10MU0005317,Male,
,,10MU0005347,Female,
,,10MU0005347,Male,
,,10AA0005496,Male,
,,10AA0005496,Male,
,,10BA0005357,Male,
,,10CA0005338,Female,
,,10CA0006094,Male,
,,10MU0005330,Male,
,,10BA0005617,Male,
,,10BA0005617,Male,
,,10CA0005384,Male,
,,10MU0005361,Female,
,,10MU0005361,Male,
,,10AA0005362,Male,
,,10AA0005362,Female,
,,10AA0005367,Male,
,,10AA0005460,Female,
,,10BA0005359,Female,
,,10BA0005375,Male,
,,10BA0005425,Male,
,,10CA0005374,Female,
,,10CA0005379,Male,
,,10CA0005381,Male,
,,10MU0005438,Male,
,,10MU0005438,Male,
,,10AA0005393,Male,
,,10AA0005393,Female,
,,10AA0005393,Male,
,,10AA0005393,Male,
,,10AA0005393,Male,
,,10BA0005378,Male,
,,10BA0005409,Male,
,,10BA0005428,Female,
,,10BA0005465,Male,
,,10MU0005423,Female,
,,10BA0005407,Female,
,,10BA0005418,Male,
,,10BA0005418,Female,
,,10CA0005471,Female,
,,10CA0005471,Male,
,,10MU0005406,Female,
,,10AA0005390,Male,
,,10AA0005422,Female,
,,10AA0005422,Male,
,,10AA0005422,Female,
,,10AA0005422,Female,
,,10BA0005402,Female,
,,10BA0005402,Male,
,,10BA0005402,Male,
,,10BA0005402,Male,
,,10BA0005402,Male,
,,10BA0005402,Female,
,,10BA0005402,Male,
,,10BA0005402,Male,
,,10BA0005402,Male,
,,10BA0005402,Male,
,,10BA0005402,Male,
,,10BA0005424,Female,
,,10CA0005447,Male,
,,10MU0005429,Male,
,,10AA0005400,Male,
,,10AA0005400,Male,
,,10AA0005400,Female,
,,10AA0005400,Male,
,,10BA0005398,Male,
,,10BA0005398,Male,
,,10BA0005398,Male,
,,10CA0005466,Male,
,,10MU0005450,Female,
,,10BA0005454,Female,
,,10BA0005456,Male,
,,10AA0005461,Male,
,,10BA0005452,Male,
,,10BA0005452,Female,
,,10BA0005462,Female,
,,10BA0005462,Male,
,,10BA0005470,Female,
,,10BA0005474,Female,
,,10BA0005474,Female,
,,10BA0005483,Male,
,,10BA0005515,Male,
,,10CA0005467,Male,
,,10CA0005467,Male,
,,10CA0005469,Female,
,,10CA0324134,Male,
,,10AA0005514,Male,
,,10BA0005489,Male,
,,10CA0005488,Male,
,,10CA0005490,Female,
,,10BA0005502,Male,
,,10BA0005758,Male,
,,10CA0005473,Female,
,,10CA0005481,Male,
,,10CA0005481,Male,
,,10CA0005503,Male,
,,10CA0005503,Female,
,,10CA0005503,Female,
,,10AA0005507,Male,
,,10BA0005521,Male,
,,10BA0005521,Female,
,,10BA0005521,Female,
,,10BA0006986,Male,
,,10BA0006986,Male,
,,10BA0006986,Female,
,,10CA0005648,Male,
,,10AA0005497,Male,
,,10AA0005497,Male,
,,10AA0005497,Female,
,,10AA0005504,Female,
,,10AA0005504,Female,
,,10AA0005504,Female,
,,10AA0005504,Male,
,,10AA0005504,Female,
,,10AA0005505,Female,
,,10BA0005535,Male,
,,10CA0005513,Male,
,,10CA0005513,Female,
,,10BA0005524,Male,
,,10CA0005522,Female,
,,10CA0005522,Male,
,,10CA0005522,Male,
,,10CA0005532,Male,
,,10CA0005532,Male,
,,10CA0005532,Male,
,,10CA0005532,Male,
,,10AA0005506,Female,
,,10AA0005520,Male,
,,10BA0005854,Male,
,,10CA0005523,Male,
,,10CA0005525,Male,
,,10CA0005525,Male,
,,10CA0005530,Male,
,,10CA0005530,Female,
,,10CA0005530,Female,
,,10CA0005530,Female,
,,10CA0005577,Female,
,,10CA0005577,Male,
,,10CA0005577,Female,
,,10BA0005613,Male,
,,10BA0005622,Female,
,,10BA0005622,Female,
,,10BA0005622,Male,
,,10BA0005622,Female,
,,10MU0333823,Female,
,,10AA0005560,Male,
,,10BA0005623,Male,
,,10CA0005561,Male,
,,10CA0005627,Female,
,,10CA0005627,Male,
,,10CA0005627,Male,
,,10CA0005627,Male,
,,10AA0005580,Male,
,,10BA0005612,Male,
,,10BA0005626,Male,
,,10BA0005626,Female,
,,10BA0006165,Female,
,,10CA0005582,Male,
,,10CA0005618,Male,
,,10CA0005618,Male,
,,10AA0005629,Female,
,,10BA0005624,Male,
,,10CA0005605,Male,
,,10BA0005609,Female,
,,10BA0005610,Male,
,,10BA0342064,Male,
,,10CA0005884,Male,
,,10CA0005884,Male,
,,10AA0005662,Male,
,,10BA0005625,Female,
,,10BA0005681,Female,
,,10CA0005659,Female,
,,10CA0005661,Male,
,,10BA0005656,Female,
,,10BA0005657,Male,
,,10BA0005686,Male,
,,10BA0005698,Male,
,,10BA0005862,Female,
,,10CA0005699,Male,
,,10AA0005729,Male,
,,10BA0005687,Female,
,,10BA0005771,Male,
,,10BA0005863,Male,
,,10CA0005673,Male,
,,10CA0005722,Male,
,,10CA0006070,Male,
,,10CA0006070,Male,
,,10AA0005683,Female,
,,10AA0005702,Female,
,,10AA0005702,Male,
,,10AA0005702,Female,
,,10BA0005765,Female,
,,10CA0005679,Male,
,,10MU0005677,Female,
,,10MU0005688,Male,
,,10MU0005692,Female,
,,10MU0005694,Female,
,,10MU0005694,Female,
,,10MU0005694,Male,
,,10AA0005684,Male,
,,10AA0005684,Female,
,,10AA0005701,Male,
,,10BA0005690,Male,
,,10BA0005690,Male,
,,10MU0005693,Female,
,,10BA0005695,Male,
,,10BA0005697,Male,
,,10BA0005745,Male,
,,10CA0005674,Female,
,,10CA0005674,Female,
,,10BA0005763,Male,
,,10BA0005773,Male,
,,10BA0005773,Male,
,,10BA0005782,Male,
,,10CA0005685,Male,
,,10MU0005742,Male,
,,10MU0005742,Male,
,,10AA0005734,Male,
,,10BA0005810,Female,
,,10CA0005720,Male,
,,10CA0005721,Male,
,,10CA0005755,Male,
,,10CA0005759,Male,
,,10CA0005759,Female,
,,10CA0006110,Male,
,,10CA0005756,Female,
,,10CA0005760,Male,
,,10CA0005783,Male,
,,10AA0005778,Female,
,,10AA0005790,Male,
,,10AA0005790,Female,
,,10BA0005757,Female,
,,10BA0005798,Female,
,,10BA0005798,Female,
,,10BA0005798,Male,
,,10AA0005808,Male,
,,10BA0005811,Male,
,,10CA0005797,Male,
,,10CA0005797,Female,
,,10CA0005799,Male,
,,10CA0005799,Female,
,,10CA0005817,Male,
,,10BA0006502,Female,
,,10AA0005779,Male,
,,10AA0005813,Male,
,,10AA0005824,Male,
,,10AA0005824,Male,
,,10BA0005807,Female,
,,10BA0005883,Male,
,,10AA0005846,Male,
,,10AA0005846,Female,
,,10AA0005846,Female,
,,10AA0006044,Female,
,,10BA0005819,Female,
,,10BA0005823,Male,
,,10BA0006469,Female,
,,10CA0005791,Male,
,,10CA0005793,Male,
,,10CA0005818,Female,
,,10AA0005812,Female,
,,10AA0005835,Male,
,,10AA0005840,Male,
,,10AA0005860,Female,
,,10AA0005860,Female,
,,10BA0005746,Male,
,,10BA0006258,Male,
,,10CA0005833,Female,
,,10MU0005857,Female,
,,10AA0005972,Male,
,,10BA0005858,Male,
,,10BA0005859,Male,
,,10BA0005875,Female,
,,10CA0005814,Male,
,,10CA0005814,Male,
,,10CA0005839,Male,
,,10CA0005864,Female,
,,10CA0005864,Female,
,,10CA0005864,Female,
,,10CA0005864,Female,
,,10MU0005848,Female,
,,10MU0005855,Female,
,,10MU0005855,Male,
,,10MU0005855,Female,
,,10MU0005856,Male,
,,10MU0005856,Female,
,,10MU0005856,Female,
,,10BA0005881,Male,
,,10BA0005976,Male,
,,10BA0005996,Female,
,,10BA0005996,Male,
,,10BA0005996,Female,
,,10MU0005915,Female,
,,10BA0005967,Female,
,,10CA0005879,Male,
,,10CA0005879,Female,
,,10CA0005879,Female,
,,10CA0005879,Female,
,,10CA0005879,Male,
,,10CA0005923,Male,
,,10AA0005865,Male,
,,10BA0005878,Female,
,,10BA0006002,Male,
,,10BA0006002,Male,
,,10CA0004102,Male,
,,10CA0005924,Female,
,,10CA0006063,Male,
,,10AA0005866,Male,
,,10AA0005897,Male,
,,10AA0006031,Male,
,,10AA0373132,Male,
,,10AA0373132,Male,
,,10BA0005920,Male,
,,10CA0005931,Male,
,,10CA0005947,Female,
,,10CA0005947,Male,
,,10AA0005929,Male,
,,10AA0005977,Male,
,,10AA0006030,Male,
,,10CA0005922,Male,
,,10CA0005944,Male,
,,10CA0005944,Male,
,,10CA0005968,Female,
,,10MU0006051,Male,
,,10MU0006051,Male,
,,10MU0006051,Female,
,,10MU0006051,Male,
,,10AA0005970,Male,
,,10AA0005995,Female,
,,10AA0005995,Male,
,,10CA0005945,Female,
,,10CA0006117,Female,
,,10AA0005978,Female,
,,10AA0005978,Female,
,,10AA0006091,Male,
,,10BA0005979,Male,
,,10BA0005979,Female,
,,10BA0005979,Female,
,,10BA0005979,Female,
,,10BA0006001,Female,
,,10BA0006001,Male,
,,10BA0006163,Male,
,,10CA0005943,Male,
,,10CA0005943,Male,
,,10CA0005943,Female,
,,10CA0005943,Male,
,,10CA0005997,Male,
,,10AA0005975,Male,
,,10BA0005999,Male,
,,10BA0006013,Male,
,,10BA0006130,Female,
,,10BA0006162,Male,
,,10BA0006172,Male,
,,10CA0006000,Male,
,,10CA0005994,Male,
,,10CA0006431,Female,
,,10CA0006431,Male,
,,10BA0005992,Male,
,,10BA0006032,Male,
,,10CA0006017,Male,
,,10CA0006017,Male,
,,10MU0006024,Male,
,,10MU0006024,Female,
,,10AA0006023,Female,
,,10AA0006023,Female,
,,10AA0006023,Female,
,,10AA0006023,Male,
,,10AA0006034,Male,
,,10AA0006034,Male,
,,10AA0006109,Female,
,,10AA0006109,Female,
,,10AA0006109,Female,
,,10AA0006109,Female,
,,10AA0006111,Male,
,,10AA0006180,Male,
,,10AA0006180,Male,
,,10AA0006180,Male,
,,10AA0006180,Male,
,,10BA0006029,Female,
,,10CA0006244,Male,
,,10CA0006244,Male,
,,10MU0006092,Male,
,,10AA0006036,Female,
,,10AA0006045,Female,
,,10AA0006045,Male,
,,10AA0006068,Female,
,,10AA0006177,Male,
,,10AA0006177,Female,
,,10BA0006065,Female,
,,10BA0006080,Female,
,,10BA0006120,Male,
,,10CA0006035,Male,
,,10CA0006047,Female,
,,10CA0006056,Female,
,,10CA0006181,Male,
,,10CA0006181,Female,
,,10CA0006181,Female,
,,10CA0006181,Male,
,,10CA0006181,Female,
,,10CA0006181,Female,
,,10CA0006181,Female,
,,10CA0006181,Female,
,,10CA0006181,Male,
,,10MU0006621,Male,
,,10MU0006621,Male,
,,10BA0006104,Female,
,,10BA0006104,Female,
,,10AA0006084,Male,
,,10AA0006107,Male,
,,10AA0006107,Female,
,,10AA0006107,Female,
,,10AA0006124,Male,
,,10BA0006141,Female,
,,10BA0006141,Male,
,,10BA0006141,Female,
,,10BA0006141,Male,
,,10CA0006081,Male,
,,10AA0006129,Female,
,,10AA0006174,Female,
,,10AA0006174,Female,
,,10AA0006438,Female,
,,10BA0006103,Male,
,,10CA0006115,Female,
,,10CA0006115,Male,
,,10CA0006169,Male,
,,10CA0006179,Female,
,,10CA0006179,Male,
,,10CA0006179,Male,
,,10AA0006113,Female,
,,10AA0006125,Male,
,,10AA0006125,Female,
,,10AA0006164,Female,
,,10BA0006075,Male,
,,10BA0006096,Male,
,,10BA0006151,Male,
,,10MU0006175,Female,
,,10MU0006175,Male,
,,10AA0006146,Female,
,,10AA0006146,Male,
,,10AA0006146,Female,
,,10AA0006146,Female,
,,10BA0006106,Male,
,,10BA0006106,Male,
,,10BA0006106,Female,
,,10BA0006106,Male,
,,10BA0006106,Male,
,,10BA0006106,Male,
,,10BA0006106,Male,
,,10BA0006173,Female,
,,10BA0006140,Female,
,,10BA0006147,Male,
,,10BA0395389,Female,
,,10BA0396309,Female,
,,10AA0006134,Female,
,,10AA0006211,Male,
,,10BA0006136,Female,
,,10BA0006136,Male,
,,10BA0006136,Female,
,,10BA0006358,Female,
,,10CA0006148,Male,
,,10CA0006197,Male,
,,10AA0006205,Male,
,,10AA0006210,Male,
,,10AA0006212,Male,
,,10CA0006157,Male,
,,10CA0006157,Male,
,,10CA0006167,Female,
,,10CA0006167,Male,
,,10CA0006192,Male,
,,10CA0006207,Male,
,,10CA0006257,Female,
,,10CA0006330,Female,
,,10AA0006189,Male,
,,10AA0006209,Male,
,,10AA0006228,Male,
,,10BA0006188,Male,
,,10BA0006188,Male,
,,10MU0006185,Female,
,,10MU0006185,Female,
,,10MU0006185,Female,
,,10MU0006185,Female,
,,10AA0006221,Female,
,,10AA0006238,Male,
,,10AA0006238,Female,
,,10BA0006239,Male,
,,10BA0006364,Male,
,,10CA0006413,Male,
,,10AA0006196,Male,
,,10AA0006196,Male,
,,10AA0006196,Female,
,,10AA0006196,Male,
,,10AA0006222,Male,
,,10AA0006237,Male,
,,10AA0006237,Male,
,,10AA0006237,Male,
,,10BA0006243,Male,
,,10BA0006245,Male,
,,10BA0006249,Male,
,,10BA0006294,Male,
,,10BA0006294,Male,
,,10BA0006294,Female,
,,10BA0006294,Male,
,,10BA0006294,Male,
,,10CA0006246,Female,
,,10AA0006236,Female,
,,10BA0006255,Male,
,,10CA0006220,Male,
,,10CA0006262,Female,
,,10CA0006264,Male,
,,10MU0006277,Female,
,,10MU0006277,Male,
,,10AA0006271,Male,
,,10AA0006272,Male,
,,10AA0006275,Female,
,,10AA0006275,Male,
,,10AA0006283,Male,
,,10AA0006283,Male,
,,10AA0006285,Female,
,,10BA0006266,Male,
,,10BA0006266,Female,
,,10AA0006276,Male,
,,10AA0006314,Male,
,,10BA0006970,Male,
,,10CA0006273,Male,
,,10CA0006278,Male,
,,10CA0006281,Female,
,,10CA0006315,Female,
,,10CA0006326,Male,
,,10CA0006327,Female,
,,10CA0006402,Male,
,,10AA0006349,Male,
,,10BA0006291,Female,
,,10AA0006319,Male,
,,10AA0006319,Male,
,,10AA0006319,Male,
,,10AA0006319,Male,
,,10AA0006323,Male,
,,10AA0006324,Female,
,,10AA0006324,Female,
,,10MU0006317,Female,
,,10MU0006320,Female,
,,10MU0006320,Male,
,,10MU0006322,Female,
,,10AA0006307,Male,
,,10BA0006309,Male,
,,10BA0006335,Male,
,,10BA0006347,Male,
,,10CA0006325,Male,
,,10CA0006325,Female,
,,10MU0006316,Male,
,,10AA0006329,Male,
,,10AA0006338,Female,
,,10AA0006366,Female,
,,10AA0006452,Female,
,,10BA0006346,Male,
,,10BA0006554,Male,
,,10BA0006554,Female,
,,10BA0006554,Male,
,,10BA0006554,Female,
,,10BA0006554,Male,
,,10BA0006754,Male,
,,10AA0006385,Male,
,,10AA0006534,Male,
,,10BA0006334,Male,
,,10BA0006351,Female,
,,10BA0006352,Female,
,,10MU0006629,Male,
,,10MU0006629,Female,
,,10AA0006388,Male,
,,10BA0006369,Female,
,,10CA0006365,Male,
,,10AA0006359,Male,
,,10AA0006371,Female,
,,10AA0006378,Male,
,,10AA0006379,Female,
,,10AA0006437,Female,
,,10AA0006436,Male,
,,10AA0006448,Male,
,,10AA0006517,Male,
,,10AA0006517,Female,
,,10BA0006393,Female,
,,10CA0006377,Male,
,,10AA0006447,Male,
,,10CA0006401,Male,
,,10CA0006450,Male,
,,10CA0006408,Male,
,,10CA0006625,Male,
,,10AA0006414,Male,
,,10AA0006416,Female,
,,10AA0006416,Male,
,,10AA0006418,Female,
,,10AA0006432,Male,
,,10BA0006417,Male,
,,10BA0006417,Male,
,,10BA0006427,Male,
,,10CA0006428,Female,
,,10CA0006440,Female,
,,10AA0006484,Male,
,,10AA0006508,Male,
,,10AA0006991,Male,
,,10CA0006487,Female,
,,10CA0006487,Female,
,,10MU0006456,Female,
,,10AA0006466,Male,
,,10AA0006472,Female,
,,10BA0006455,Male,
,,10BA0006516,Female,
,,10BA0006516,Female,
,,10BA0006568,Male,
,,10BA0006611,Female,
,,10CA0006471,Male,
,,10CA0006488,Female,
,,10AA0006467,Male,
,,10AA0006467,Female,
,,10AA0006473,Male,
,,10BA0006513,Female,
,,10BA0006513,Male,
,,10BA0006513,Female,
,,10BA0006513,Male,
,,10BA0006513,Female,
,,10BA0006725,Female,
,,10BA0006725,Male,
,,10CA0006478,Female,
,,10CA0006480,Male,
,,10CA0006813,Male,
,,10AA0006521,Male,
,,10AA0006521,Male,
,,10BA0006515,Male,
,,10BA0006523,Male,
,,10BA0006523,Male,
,,10BA0006523,Male,
,,10BA0006523,Female,
,,10BA0006523,Female,
,,10BA0006523,Male,
,,10BA0006551,Female,
,,10BA0006551,Male,
,,10BA0006551,Male,
,,10CA0006481,Male,
,,10CA0006489,Male,
,,10CA0006530,Male,
,,10CA0006553,Male,
,,10CA0006553,Male,
,,10CA0006553,Female,
,,10CA0006553,Female,
,,10CA0006566,Female,
,,10AA0006510,Female,
,,10AA0006524,Male,
,,10AA0006527,Female,
,,10AA0006528,Male,
,,10BA0006512,Male,
,,10BA0006529,Female,
,,10CA0006772,Male,
,,10AA0006537,Male,
,,10AA0006543,Male,
,,10BA0006520,Male,
,,10BA0006525,Male,
,,10BA0006525,Male,
,,10CA0006564,Female,
,,10CA0006564,Female,
,,10CA0006564,Female,
,,10CA0006565,Male,
,,10CA0006565,Female,
,,10AA0006567,Male,
,,10BA0006557,Female,
,,10BA0006558,Female,
,,10CA0006535,Male,
,,10BA0006555,Male,
,,10BA0006569,Female,
,,10BA0006610,Male,
,,10CA0006657,Female,
,,10CA0467680,Male,
,,10CA0467680,Male,
,,10AA0006574,Female,
,,10AA0006580,Female,
,,10AA0006580,Female,
,,10AA0006587,Female,
,,10AA0006597,Male,
,,10AA0006599,Female,
,,10BA0006633,Male,
,,10BA0006683,Female,
,,10BA0006683,Male,
,,10BA0006683,Male,
,,10CA0006581,Male,
,,10CA0006594,Female,
,,10AA0006588,Female,
,,10AA0006588,Male,
,,10AA0006591,Male,
,,10AA0006593,Male,
,,10AA0446785,Male,
,,10BA0006613,Female,
,,10BA0006613,Male,
,,10BA0006619,Male,
,,10BA0006619,Female,
,,10BA0006620,Female,
,,10BA0006641,Male,
,,10BA0006647,Male,
,,10BA0006647,Female,
,,10BA0006647,Male,
,,10BA0006684,Male,
,,10CA0006578,Female,
,,10CA0006583,Female,
,,10CA0006583,Female,
,,10CA0006608,Female,
,,10AA0006600,Male,
,,10AA0006612,Female,
,,10BA0006605,Male,
,,10BA0006605,Male,
,,10BA0006605,Male,
,,10BA0006895,Male,
,,10CA0006592,Female,
,,10CA0006623,Male,
,,10AA0006598,Male,
,,10BA0006614,Male,
,,10BA0006628,Male,
,,10BA0006628,Male,
,,10BA0006634,Male,
,,10BA0006634,Male,
,,10BA0006634,Male,
,,10BA0006635,Male,
,,10MU0006627,Female,
,,10AA0006579,Male,
,,10AA0006579,Male,
,,10AA0006579,Male,
,,10AA0006579,Male,
,,10BA0006639,Female,
,,10BA0006639,Male,
,,10BA0006697,Male,
,,10BA0006873,Female,
,,10CA0006604,Male,
,,10MU0006646,Male,
,,10MU0006651,Male,
,,10AA0452087,Male,
,,10AA0452223,Female,
,,10AA0452223,Male,
,,10AA0452229,Male,
,,10AA0452590,Female,
,,10BA0006632,Female,
,,10BA0006642,Male,
,,10BA0006642,Male,
,,10BA0006680,Male,
,,10CA0451879,Female,
,,10CA0452218,Male,
,,10AA0453772,Male,
,,10BA0006648,Male,
,,10BA0006659,Female,
,,10BA0006695,Male,
,,10CA0454126,Male,
,,10CA0454179,Female,
,,10CA0455480,Female,
,,10AA0455100,Female,
,,10AA0456208,Male,
,,10BA0006653,Male,
,,10BA0006654,Male,
,,10CA0454919,Female,
,,10CA0456410,Male,
,,10CA0456410,Female,
,,10CA0458730,Female,
,,10MU0006681,Male,
,,10AA0456912,Female,
,,10AA0457814,Female,
,,10AA0460820,Female,
,,10MU0006674,Female,
,,10AA0466695,Male,
,,10BA0006761,Male,
,,10CA0458597,Male,
,,10CA0500510,Male,
,,10MU0006691,Male,
,,10AA0461428,Male,
,,10AA0461902,Male,
,,10CA0460796,Female,
,,10CA0461279,Male,
,,10CA0470778,Male,
,,10AA0462531,Male,
,,10AA0464194,Male,
,,10CA0461633,Female,
,,10CA0461633,Female,
,,10CA0461896,Male,
,,10CA0462582,Male,
,,10MU0462339,Male,
,,10MU0462339,Female,
,,10AA0464801,Male,
,,10AA0467879,Female,
,,10AA0467879,Female,
,,10BA0006731,Male,
,,10BA0006731,Male,
,,10BA0006734,Female,
,,10CA0006705,Female,
,,10CA0006705,Male,
,,10CA0470810,Male,
,,10CA0471270,Male,
,,10CA0493705,Female,
,,10AA0466485,Male,
,,10AA0466757,Male,
,,10AA0466842,Male,
,,10BA0006727,Male,
,,10BA0006727,Male,
,,10CA0466552,Male,
,,10CA0466552,Male,
,,10CA0466552,Female,
,,10CA0466896,Male,
,,10CA0466896,Male,
,,10MU0006722,Male,
,,10MU0006722,Male,
,,10MU0006722,Female,
,,10AA0467110,Male,
,,10BA0006747,Male,
,,10BA0006759,Male,
,,10BA0006784,Male,
,,10BA0006987,Female,
,,10BA0006987,Female,
,,10BA0467013,Male,
,,10BA0467013,Male,
,,10BA0475621,Male,
,,10CA0468431,Male,
,,10CA0468431,Male,
,,10CA0469328,Male,
,,10AA0470357,Female,
,,10BA0006729,Female,
,,10BA0006730,Male,
,,10BA0006735,Female,
,,10BA0006767,Male,
,,10BA0006767,Male,
,,10BA0006782,Female,
,,10BA0006785,Female,
,,10CA0469639,Male,
,,10CA0471466,Male,
,,10AA0471613,Male,
,,10AA0472086,Female,
,,10AA0472154,Female,
,,10AA0476476,Male,
,,10AA0478014,Male,
,,10BA0006744,Male,
,,10BA0006768,Male,
,,10BA0006781,Male,
,,10BA0006781,Female,
,,10BA0006781,Male,
,,10BA0006781,Female,
,,10CA0472533,Male,
,,10MU0006753,Male,
,,10MU0006753,Female,
,,10MU0006753,Female,
,,10MU0006753,Female,
,,10MU0006753,Female,
,,10MU0006753,Female,
,,10MU0006760,Female,
,,10AA0523442,Female,
,,10BA0006779,Male,
,,10CA0473584,Female,
,,10CA0473584,Female,
,,10AA0475512,Male,
,,10AA0476709,Female,
,,10BA0006794,Male,
,,10CA0475732,Male,
,,10CA0476608,Male,
,,10CA0476608,Male,
,,10CA0478118,Male,
,,10CA0484061,Female,
,,10MU0006795,Male,
,,10MU0006795,Female,
,,10AA0477698,Female,
,,10BA0006790,Male,
,,10BA0006790,Male,
,,10BA0006790,Male,
,,10BA0006790,Male,
,,10BA0006791,Male,
,,10BA0006802,Female,
,,10BA0006802,Male,
,,10BA0006802,Male,
,,10CA0006814,Female,
,,10CA0477756,Female,
,,10CA0478680,Male,
,,10CA0479145,Male,
,,10CA0479145,Male,
,,10CA0479145,Male,
,,10AA0479282,Female,
,,10AA0480159,Female,
,,10AA0480159,Male,
,,10BA0006808,Male,
,,10BA0006808,Female,
,,10BA0006816,Female,
,,10BA0006816,Female,
,,10BA0006816,Female,
,,10BA0006817,Female,
,,10BA0006823,Female,
,,10BA0006823,Female,
,,10BA0006823,Female,
,,10CA0480108,Male,
,,10CA0480282,Male,
,,10CA0480746,Female,
,,10MU0006803,Male,
,,10MU0480952,Female,
,,10MU0480952,Male,
,,10AA0481130,Male,
,,10AA0481130,Male,
,,10AA0482051,Female,
,,10AA0482051,Male,
,,10AA0482580,Male,
,,10AA0482580,Male,
,,10AA0482580,Male,
,,10BA0006835,Female,
,,10BA0006850,Male,
,,10CA0481482,Male,
,,10CA0481482,Female,
,,10CA0481482,Female,
,,10CA0482639,Female,
,,10CA0482639,Female,
,,10MU0006824,Female,
,,10MU0006824,Female,
,,10AA0484080,Male,
,,10AA0484080,Male,
,,10AA0484322,Female,
,,10AA0484322,Female,
,,10CA0486894,Female,
,,10CA491750,Female,
,,10AA0485772,Male,
,,10AA0485772,Male,
,,10BA0006846,Male,
,,10BA0006863,Male,
,,10CA0485715,Male,
,,10CA0485964,Male,
,,10AA0488909,Female,
,,10AA0491735,Female,
,,10AA0491735,Female,
,,10AA0488636,Female,
,,10AA0488636,Female,
,,10BA0488838,Male,
,,10BA0488839,Female,
,,10BA0490326,Female,
,,10BA0490326,Female,
,,10CA0488335,Male,
,,10MU0006854,Male,
,,10AA0489926,Female,
,,10AA0490609,Female,
,,10AA0500283,Male,
,,10BA0553573,Female,
,,10AA0492628,Male,
,,10BA0492609,Male,
,,10CA0492106,Male,
,,10CA0492120,Female,
,,10CA0492158,Female,
,,10CA0493713,Female,
,,10CA0500021,Male,
,,10MU0006894,Female,
,,10MU0006906,Male,
,,10MU0006906,Male,
,,10MU0006906,Male,
,,10MU0006906,Female,
,,10BA0492799,Female,
,,10BA0494216,Male,
,,10BA0494216,Female,
,,10BA0495403,Female,
,,10BA0499476,Female,
,,10CA0006879,Male,
,,10CA0494436,Female,
,,10AA0495747,Male,
,,10AA0495883,Female,
,,10AA0495883,Male,
,,10AA0495883,Female,
,,10AA0495883,Female,
,,10AA0495886,Male,
,,10AA0495886,Female,
,,10AA0496012,Female,
,,10AA0496012,Female,
,,10AA0496136,Male,
,,10AA0496141,Male,
,,10AA0497282,Female,
,,10BA0496053,Male,
,,10CA0495362,Male,
,,10CA0495383,Male,
,,10CA0496035,Male,
,,10CA0496035,Female,
,,10CA0496035,Male,
,,10CA0496432,Male,
,,10MU0006898,Male,
,,10AA0497283,Male,
,,10AA0497652,Male,
,,10BA0497363,Male,
,,10CA0497270,Male,
,,10CA0497331,Female,
,,10CA0513965,Male,
,,10MU0006901,Male,
,,10BA0500018,Male,
,,10AA0499796,Male,
,,10AA0500777,Male,
,,10AA0503117,Female,
,,10BA0499016,Male,
,,10BA0499016,Male,
,,10BA0500452,Female,
,,10CA0500345,Female,
,,10CA0500444,Female,
,,10AA0502145,Male,
,,10AA0502259,Female,
,,10AA0502437,Female,
,,10AA0502760,Male,
,,10AA0503234,Male,
,,10AA0503234,Female,
,,10BA0502461,Male,
,,10BA0502461,Male,
,,10BA0502461,Male,
,,10BA0502461,Male,
,,10BA0502638,Female,
,,10BA0502638,Male,
,,10BA0504974,Female,
,,10CA0501569,Female,
,,10CA0502695,Male,
,,10AA0504026,Male,
,,10AA0509834,Male,
,,10BA0503891,Male,
,,10BA0503891,Female,
,,10BA0504045,Male,
,,10BA0504045,Male,
,,10BA0504045,Female,
,,10BA0504045,Male,
,,10BA0504096,Male,
,,10BA0504522,Male,
,,10BA0504522,Female,
,,10CA0503242,Male,
,,10CA0503242,Male,
,,10CA0505031,Female,
,,10CA0542818,Female,
,,10MU0006910,Male,
,,10AA0505542,Male,
,,10AA0505547,Female,
,,10AA0506119,Male,
,,10AA0508423,Male,
,,10BA0056566,Male,
,,10BA0504692,Female,
,,10BA0505521,Male,
,,10BA0505521,Female,
,,10BA0505521,Male,
,,10BA0506117,Male,
,,10BA0514078,Female,
,,10CA0504576,Female,
,,10CA0504710,Female,
,,10CA0506220,Male,
,,10AA0506981,Female,
,,10AA0507521,Female,
,,10BA0507823,Female,
,,10BA0509174,Female,
,,10BA0509174,Female,
,,10BA0516577,Female,
,,10MU0507777,Male,
,,10MU0507777,Male,
,,10MU0507777,Male,
,,10MU0507777,Male,
,,10MU0507777,Male,
,,10AA0513815,Female,
,,10BA0509655,Female,
,,10BA0509655,Male,
,,10BA0516746,Male,
,,10CA0509242,Male,
,,10CA0511888,Female,
,,10MU0006915,Male,
,,10AA0510216,Female,
,,10BA0512805,Female,
,,10CA0509564,Female,
,,10BA0513525,Male,
,,10CA0511483,Female,
,,10CA0511483,Male,
,,10CA0511705,Female,
,,10MU0006936,Male,
,,10MU0006948,Female,
,,10MU0006948,Female,
,,10MU0006949,Male,
,,10MU0006949,Female,
,,10MU0006973,Female,
,,10BA0512496,Female,
,,10BA0512561,Male,
,,10BA0513402,Female,
,,10BA0517183,Female,
,,10MU0006945,Male,
,,10AA0514362,Female,
,,10AA0515611,Male,
,,10AA0517947,Female,
,,10AA0533732,Female,
,,10AA0533732,Female,
,,10BA0514491,Female,
,,10MU0006955,Male,
,,10MU0006955,Female,
,,10MU0696610,Male,
,,10BA0517233,Male,
,,10BA0521045,Male,
,,10CA0515735,Male,
,,10CA0515735,Male,
,,10AA0543733,Male,
,,10AA0543733,Male,
,,10AA0543733,Female,
,,10BA0516980,Female,
,,10MU0006974,Female,
,,10AA0517605,Male,
,,10AA0517605,Female,
,,10MU0006969,Female,
,,10MU0006969,Female,
,,10AA0519129,Male,
,,10AA0519186,Male,
,,10AA0519578,Male,
,,10BA0519239,Male,
,,10BA0519242,Female,
,,10BA0519390,Female,
,,10BA0519390,Female,
,,10BA0519440,Female,
,,10BA0523101,Female,
,,10BA0524035,Male,
,,10BA0548079,Female,
,,10AA0520420,Male,
,,10AA0520599,Female,
,,10CA0521428,Female,
,,10CA0521955,Female,
,,10AA0522624,Female,
,,10AA0523005,Male,
,,10AA0523005,Female,
,,10BA0523072,Male,
,,10BA0523132,Female,
,,10CA0521587,Male,
,,10CA0521587,Male,
,,10CA0521587,Male,
,,10AA0524523,Female,
,,10BA0524513,Female,
,,10BA0524513,Male,
,,10BA0524704,Female,
,,10AA0526391,Male,
,,10BA0525516,Male,
,,10BA0525516,Female,
,,10BA0525589,Male,
,,10BA0526595,Male,
,,10CA0526900,Female,
,,10AA0527068,Female,
,,10BA0526775,Male,
,,10BA0526775,Female,
,,10BA0528316,Male,
,,10BA0528553,Female,
,,10BA0532967,Female,
,,10CA0526933,Female,
,,10CA0527499,Female,
,,10CA0527502,Female,
,,10CA0527502,Female,
,,10CA0528269,Male,
,,10CA0528479,Female,
,,10MU0527628,Male,
,,10MU0528480,Female,
,,10AA0528190,Male,
,,10AA0528767,Female,
,,10AA0528767,Female,
,,10BA0528452,Male,
,,10BA0529322,Female,
,,10CA0528516,Male,
,,10CA0528951,Female,
,,10CA0528951,Female,
,,10CA0529809,Female,
,,10CA0533706,Male,
,,10BA0529716,Female,
,,10BA0530059,Male,
,,10BA0530059,Female,
,,10BA0530154,Male,
,,10BA0531902,Male,
,,10BA0531902,Male,
,,10BA0531902,Female,
,,10CA0531135,Female,
,,10CA0531977,Female,
,,10CA0533407,Male,
,,10AA0533766,Male,
,,10AA0533824,Male,
,,10AA0534067,Male,
,,10CA0532859,Male,
,,10CA0533828,Male,
,,10AA0535474,Male,
,,10AA0535474,Male,
,,10AA0545773,Female,
,,10BA0535305,Female,
,,10BA0535478,Male,
,,10CA0535332,Male,
,,10CA0536262,Male,
,,10MU0534948,Male,
,,10BA0536602,Male,
,,10BA0537587,Female,
,,10BA0537587,Female,
,,10CA0536254,Female,
,,10CA0537304,Male,
,,10AA0538540,Male,
,,10AA0540079,Female,
,,10BA0538127,Male,
,,10BA0538816,Male,
,,10BA0538816,Female,
,,10BA0538943,Female,
,,10BA0538970,Male,
,,10CA0538551,Female,
,,10CA0538551,Female,
,,10CA0538792,Male,
,,10CA0540765,Male,
,,10CA0540799,Male,
,,10AA0539269,Male,
,,10AA0547540,Male,
,,10CA0540333,Male,
,,10CA0540333,Male,
,,10CA0540333,Male,
,,10BA0541121,Male,
,,10BA0545533,Male,
,,10MU0541201,Female,
,,10AA0541793,Female,
,,10AA0544154,Female,
,,10CA0542713,Male,
,,10CA0542713,Male,
,,10CA0542906,Male,
,,10MU0542950,Female,
,,10MU0543126,Male,
,,10MU0543126,Male,
,,10AA0544072,Male,
,,10AA0544072,Male,
,,10AA0544072,Female,
,,10AA0544072,Male,
,,10AA0544072,Male,
,,10BA0544194,Female,
,,10BA0544252,Male,
,,10CA0543862,Female,
,,10CA0543862,Female,
,,10CA0543862,Female,
,,10CA0544513,Female,
,,10AA0545867,Female,
,,10AA0545867,Female,
,,10CA0545323,Female,
,,10CA0546220,Female,
,,10MU0546061,Male,
,,10AA0546472,Male,
,,10AA0546472,Male,
,,10AA0547105,Male,
,,10BA0546550,Male,
,,10BA0546647,Female,
,,10BA0546647,Female,
,,10BA0546647,Female,
,,10CA0546566,Female,
,,10CA0547334,Male,
,,10CA0547334,Female,
,,10CA0547334,Male,
,,10CA0547334,Male,
,,10CA0547384,Female,
,,10AA0024591,Male,
,,10AA0024591,Male,
,,10AA0548538,Male,
,,10BA0012734,Female,
,,10CA0548734,Male,
,,10CA0548925,Male,
,,10CA0548925,Male,
,,10CA0549216,Female,
,,10AA0550784,Male,
,,10CA0550122,Male,
,,10MU0549754,Male,
,,10AA0550633,Female,
,,10AA0003345,Male,
,,10AA0552240,Male,
,,10AA0552936,Male,
,,10BA0552703,Female,
,,10CA0552167,Female,
,,10CA0552763,Male,
,,10AA0553944,Male,
,,10BA0553559,Female,
,,10BA0553971,Female,
,,10CA0555785,Male,
,,10AA0000088,Male,
,,10AA0000206,Male,
,,10AA0555582,Male,
,,10BA0555070,Female,
