STREET_ADDRESS,Works Status,Category Of Works,Casualty Class,Age of Casualty
1715 DIXIE HWY,WORKS ABANDONED,Streetworks,Driver,62
729 W EVELYN AVE,PROPOSED WORKS,Streetworks,Passenger,36
2139 DIXIE HWY,PROPOSED WORKS,Streetworks,Pedestrian,34
1112 ZANE ST,PROPOSED WORKS,Building Licence,Driver,27
508 DAVIES AVE,PROPOSED WORKS,Building Licence,Driver,18
1464 S 9TH ST,PROPOSED WORKS,Streetworks,Passenger,20
1620 S 7TH ST,PROPOSED WORKS,Building Licence,Passenger,21
434 W JEFFERSON ST,PROPOSED WORKS,Streetworks,Driver,19
903 W MAGNOLIA AVE,PROPOSED WORKS,Building Licence,Passenger,18
1103 W HILL ST,PROPOSED WORKS,Streetworks,Passenger,19
1228 QUALITY CHOICE PL,IN PROGRESS,Streetworks,Passenger,21
313 S 4TH ST,PROPOSED WORKS,Streetworks,Driver,26
200 S 7TH ST,PROPOSED WORKS,Building Licence,Driver,26
1516 S 12TH ST Unit A,PROPOSED WORKS,Streetworks,Driver,38
527 W JEFFERSON ST,PROPOSED WORKS,Streetworks,Driver,20
2737 HELM ST,PROPOSED WORKS,Other,Passenger,18
221 S 4TH ST,PROPOSED WORKS,Streetworks,Driver,67
139 CABEL ST,WORKS ABANDONED,Streetworks,Passenger,64
1668 RICHMOND DR,PROPOSED WORKS,Streetworks,Driver,20
416 W JEFFERSON ST,PROPOSED WORKS,Temporary Traffic Restriction,Passenger,18
706 BARRET AVE,PROPOSED WORKS,Streetworks,Passenger,36
201 S 4TH ST,PROPOSED WORKS,Streetworks,Passenger,9
420 LONG RUN RD,IN PROGRESS,Streetworks,Passenger,17
280 W JEFFERSON ST,PROPOSED WORKS,Streetworks,Driver,39
5411 REGENT WAY,PROPOSED WORKS,Streetworks,Driver,57
8212 KIMBERLY WAY,PROPOSED WORKS,Temporary Traffic Restriction,Passenger,19
2800 S FLOYD ST,PROPOSED WORKS,Temporary Traffic Restriction,Passenger,20
200 E WASHINGTON ST,PROPOSED WORKS,Streetworks,Driver,35
1121 PHILLIPS LN,PROPOSED WORKS,Crane Operation,Pedestrian,17
300 W LIBERTY ST,PROPOSED WORKS,Streetworks,Driver,20
100 E LIBERTY ST,PROPOSED WORKS,Streetworks,Driver,30
1200 ROWAN ST,PROPOSED WORKS,Temporary Traffic Restriction,Driver,46
200 DERBY AVE,PROPOSED WORKS,Streetworks,Driver,30
211 DERBY AVE,PROPOSED WORKS,Streetworks,Driver,33
213 BONNIE LN,PROPOSED WORKS,Streetworks,Driver,19
211 ALPHA AVE,PROPOSED WORKS,Streetworks,Passenger,4
209 DERBY AVE,PROPOSED WORKS,Other,Passenger,20
232 W MUHAMMAD ALI BLVD,PROPOSED WORKS,Building Licence,Passenger,18
337 E ST CATHERINE ST,PROPOSED WORKS,Streetworks,Pedestrian,8
1112 W ST CATHERINE ST,PROPOSED WORKS,Streetworks,Driver,59
221 S 4TH ST,PROPOSED WORKS,Building Licence,Driver,23
2700 CRITTENDEN DR,PROPOSED WORKS,Streetworks,Passenger,6
1021 S FLOYD ST,PROPOSED WORKS,Streetworks,Passenger,82
307 W WOODLAWN AVE,PROPOSED WORKS,Streetworks,Passenger,60
4642 BELLEVUE AVE,PROPOSED WORKS,Building Licence,Driver,40
4901 PEACHTREE AVE,IN PROGRESS,Streetworks,Passenger,30
3237 W BROADWAY,PROPOSED WORKS,Streetworks,Driver,35
4541 S 3RD ST,PROPOSED WORKS,Building Licence,Passenger,26
2730 LEXINGTON RD,PROPOSED WORKS,Streetworks,Pedestrian,24
3722 7TH STREET RD,PROPOSED WORKS,Streetworks,Driver,22
1412 TUCKER STATION RD,PROPOSED WORKS,Other,Driver,40
1427 S CLAY ST,PROPOSED WORKS,Streetworks,Pedestrian,26
1742 BERRY BLVD,PROPOSED WORKS,Streetworks,Driver,53
1742 BERRY BLVD,PROPOSED WORKS,Building Licence,Driver,23
1733 BROWNSBORO RD,PROPOSED WORKS,Streetworks,Passenger,40
123 N 11TH ST,PROPOSED WORKS,Streetworks,Passenger,22
2532 W BROADWAY,PROPOSED WORKS,Temporary Traffic Restriction,Passenger,15
865 S 26TH ST,PROPOSED WORKS,Building Licence,Passenger,21
3237 W BROADWAY,PROPOSED WORKS,Streetworks,Driver,24
3237 W BROADWAY,WORKS ABANDONED,Other,Passenger,61
810 N ENGLISH STATION RD,PROPOSED WORKS,Temporary Traffic Restriction,Pedestrian,7
2600 STANLEY GAULT PKY Unit 101,PROPOSED WORKS,Other,Pedestrian,33
4538 S 3RD ST,PROPOSED WORKS,Streetworks,Pedestrian,5
1800 BROWNSBORO RD,PROPOSED WORKS,Streetworks,Driver,26
12911 FACTORY LN,PROPOSED WORKS,Temporary Traffic Restriction,Pedestrian,51
309 W BRANDEIS AVE,PROPOSED WORKS,Streetworks,Driver,19
3808 HILLCROSS DR,PROPOSED WORKS,Building Licence,Passenger,82
4100 MUD LN,PROPOSED WORKS,Streetworks,Passenger,56
3800 CRITTENDEN DR,PROPOSED WORKS,Streetworks,Passenger,19
601 W Jefferson ST,PROPOSED WORKS,Streetworks,Pedestrian,93
704 BARRET AVE,PROPOSED WORKS,Streetworks,Driver,35
1414 S 7TH ST,PROPOSED WORKS,Streetworks,Driver,46
812 W MAGNOLIA AVE,PROPOSED WORKS,Streetworks,Driver,28
718 S 4TH ST,PROPOSED WORKS,Streetworks,Driver,28
615 W BRECKINRIDGE ST,PROPOSED WORKS,Building Licence,Passenger,25
2229 PIRTLE ST,PROPOSED WORKS,Building Licence,Passenger,19
211 W HILL ST Unit 1,PROPOSED WORKS,Temporary Traffic Restriction,Driver,32
207 W BROADWAY,WORKS ABANDONED,Streetworks,Driver,39
8406 HUDSON LN,PROPOSED WORKS,Streetworks,Driver,25
1248 E BROADWAY,PROPOSED WORKS,Streetworks,Driver,61
500 E JEFFERSON ST Unit 101,IN PROGRESS,Streetworks,Driver,16
200 N SHELBY ST,PROPOSED WORKS,Streetworks,Passenger,14
270 N CAMPBELL ST,PROPOSED WORKS,Streetworks,Pedestrian,17
14318 OLD HENRY RD,PROPOSED WORKS,Streetworks,Passenger,62
1651 DIXDALE AVE,PROPOSED WORKS,Streetworks,Pedestrian,44
901 W MAGNOLIA AVE,PROPOSED WORKS,Streetworks,Driver,25
218 W MUHAMMAD ALI BLVD,PROPOSED PERMANENT,Streetworks,Driver,59
100 W MARKET ST,PROPOSED WORKS,Streetworks,Pedestrian,36
731 W WASHINGTON ST,WORKS ABANDONED,Streetworks,Passenger,14
101 W MUHAMMAD ALI BLVD,PROPOSED WORKS,Streetworks,Driver,23
222 S 4TH ST,PROPOSED WORKS,Building Licence,Pedestrian,16
300 S 1ST ST,PROPOSED WORKS,Streetworks,Driver,35
100 N 6TH ST,PROPOSED WORKS,Building Licence,Driver,43
615 W SHIPP AVE,PROPOSED WORKS,Streetworks,Driver,22
701 W JEFFERSON ST,PROPOSED WORKS,Streetworks,Driver,48
100 W BROADWAY,PROPOSED WORKS,Streetworks,Driver,67
8010 CHRISTIAN CT,PROPOSED WORKS,Building Licence,Driver,31
1334 S 3RD ST,PROPOSED WORKS,Other,Driver,39
600 W MARKET ST,PROPOSED WORKS,Streetworks,Driver,36
1311 S SHELBY ST,PROPOSED WORKS,Streetworks,Driver,58
100 E LIBERTY ST,PROPOSED WORKS,Building Licence,Driver,46
117 W LIBERTY ST,WORKS ABANDONED,Streetworks,Passenger,20
124 E LIBERTY ST,PROPOSED WORKS,Streetworks,Driver,30
140 S 4TH ST,PROPOSED WORKS,Streetworks,Driver,37
133 W LIBERTY ST,PROPOSED WORKS,Temporary Traffic Restriction,Pedestrian,13
200 ABRAHAM FLEXNER WAY,PROPOSED WORKS,Temporary Traffic Restriction,Driver,38
12500 SYCAMORE STATION PL,PROPOSED WORKS,Streetworks,Driver,32
1552 KNIGHT RD,PROPOSED WORKS,Streetworks,Pedestrian,13
1500 OLEANDA CT,PROPOSED WORKS,Streetworks,Driver,55
3202 GOOSE CREEK RD,PROPOSED WORKS,Streetworks,Driver,57
10119 WHIPPS MILL RD,PROPOSED WORKS,Streetworks,Driver,49
416 W JEFFERSON ST,PROPOSED WORKS,Building Licence,Passenger,32
140 N 4TH ST,IN PROGRESS,Streetworks,Driver,22
1024 E MAIN ST,PROPOSED WORKS,Streetworks,Driver,47
540 S 4TH ST,PROPOSED WORKS,Temporary Traffic Restriction,Passenger,22
3441 TAYLOR BLVD,IN PROGRESS,Streetworks,Driver,25
418 PINE ST,PROPOSED WORKS,Streetworks,Passenger,29
2015 GARDINER LN,IN PROGRESS,Streetworks,Driver,31
1238 HULL ST,PROPOSED WORKS,Temporary Traffic Restriction,Pedestrian,30
400 S 4TH ST Unit 160,PROPOSED WORKS,Streetworks,Passenger,52
280 W JEFFERSON ST,PROPOSED WORKS,Building Licence,Driver,43
931 DRESDEN AVE,PROPOSED WORKS,Streetworks,Passenger,38
1227 S 12TH ST,PROPOSED WORKS,Building Licence,Driver,21
1335 S 13TH ST,PROPOSED WORKS,Building Licence,Driver,28
654 S 7TH ST,PROPOSED WORKS,Temporary Traffic Restriction,Driver,21
150 S 3RD ST,PROPOSED WORKS,Skip Licence,Driver,49
120 S 8TH ST,PROPOSED WORKS,Streetworks,Driver,27
201 S 4TH ST,PROPOSED WORKS,Streetworks,Pedestrian,19
738 S 4TH ST,PROPOSED WORKS,Temporary Traffic Restriction,Driver,24
320 W JEFFERSON ST,PROPOSED WORKS,Building Licence,Driver,86
416 W JEFFERSON ST,PROPOSED WORKS,Streetworks,Passenger,86
100 E JEFFERSON ST,PROPOSED WORKS,Streetworks,Driver,42
845 S 9TH ST,PROPOSED WORKS,Streetworks,Driver,24
812 LAMPTON ST,PROPOSED WORKS,Streetworks,Passenger,23
600 W MARKET ST,PROPOSED WORKS,Streetworks,Driver,37
2317 HOWARD ST,PROPOSED WORKS,Streetworks,Driver,52
1424 W KENTUCKY ST,PROPOSED WORKS,Building Licence,Driver,18
8715 OLD BARDSTOWN RD,PROPOSED WORKS,Building Licence,Driver,23
615 m ST,PROPOSED WORKS,Streetworks,Driver,47
100 W BROADWAY,PROPOSED WORKS,Building Licence,Driver,43
3333 RADIANCE RD,PROPOSED WORKS,Crane Operation,Passenger,10
3646 JOHNSTON WAY,PROPOSED WORKS,Crane Operation,Driver,45
3306 NOE WAY,PROPOSED WORKS,Other,Pedestrian,40
3647 STANTON BLVD,PROPOSED WORKS,Temporary Traffic Restriction,Driver,29
3048 RADIANCE RD,PROPOSED WORKS,Temporary Traffic Restriction,Driver,56
226 S 1ST ST,PROPOSED WORKS,Temporary Traffic Restriction,Passenger,22
100 E LIBERTY ST,PROPOSED WORKS,Streetworks,Driver,21
627 S 1ST ST,WORKS ABANDONED,Streetworks,Driver,51
100 E LIBERTY ST,PROPOSED WORKS,Streetworks,Driver,18
635 INDUSTRY RD,PROPOSED WORKS,Building Licence,Driver,31
215 CENTRAL AVE,PROPOSED WORKS,Streetworks,Passenger,23
2400 S 4TH ST Unit 1007,PROPOSED WORKS,Streetworks,Passenger,28
1630 FRANKFORT AVE,PROPOSED WORKS,Temporary Traffic Restriction,Driver,26
2432 GLENMARY AVE Unit A1,PROPOSED WORKS,Building Licence,Driver,37
100 W CHESTNUT ST,PROPOSED WORKS,Building Licence,Passenger,20
1047 FRANKLIN ST,PROPOSED WORKS,Streetworks,Passenger,22
9004 CHERRIVILLE RD,PROPOSED WORKS,Streetworks,Passenger,28
912 LOUIS COLEMAN JR DR,PROPOSED WORKS,Crane Operation,Driver,50
2131 S 41ST ST,PROPOSED WORKS,Streetworks,Pedestrian,72
4011 ALGONQUIN PKY,PROPOSED WORKS,Streetworks,Pedestrian,77
332 E OAK ST,PROPOSED WORKS,Temporary Traffic Restriction,Driver,39
709 VINE ST,PROPOSED WORKS,Temporary Traffic Restriction,Passenger,29
2737 HELM ST,PROPOSED WORKS,Streetworks,Passenger,49
1201 DURRETT LN,PROPOSED WORKS,Streetworks,Driver,68
901 GOSS AVE,WORKS ABANDONED,Building Licence,Passenger,30
4816 PRESTON HWY,PROPOSED WORKS,Building Licence,Pedestrian,79
7909 BARBOUR MANOR DR,PROPOSED WORKS,Building Licence,Driver,21
8516 PENNSYLVANIA RUN RD,PROPOSED WORKS,Streetworks,Driver,20
14805 OLD HENRY RD,PROPOSED WORKS,Streetworks,Driver,38
715 BROOKLINE AVE,PROPOSED WORKS,Streetworks,Driver,20
226 S 1ST ST,WORKS ABANDONED,Streetworks,Driver,49
14516 AIKEN RD,PROPOSED WORKS,Crane Operation,Pedestrian,47
1804 S 3RD ST,PROPOSED WORKS,Crane Operation,Driver,36
424 S 5TH ST,PROPOSED WORKS,Streetworks,Driver,50
150 S 3RD ST,WORKS ABANDONED,Streetworks,Driver,15
600 E LIBERTY ST,PROPOSED WORKS,Temporary Traffic Restriction,Driver,25
2501 STANLEY GAULT PKY,PROPOSED WORKS,Streetworks,Passenger,23
1367 S 11TH ST,PROPOSED WORKS,Streetworks,Driver,40
1369 S 11TH ST,WORKS ABANDONED,Streetworks,Driver,23
1368 S 11TH ST,PROPOSED WORKS,Streetworks,Driver,53
1400 S 13TH ST,PROPOSED WORKS,Streetworks,Pedestrian,13
1409 W HILL ST,WORKS ABANDONED,Streetworks,Driver,53
1819 W HILL ST,PROPOSED WORKS,Building Licence,Driver,32
1369 S 11TH ST,PROPOSED WORKS,Streetworks,Driver,49
1225 W BURNETT AVE,PROPOSED WORKS,Streetworks,Passenger,39
7518 SMYRNA RD,PROPOSED WORKS,Building Licence,Pedestrian,52
917 W HILL ST,PROPOSED WORKS,Streetworks,Pedestrian,62
913 S CLAY ST,PROPOSED WORKS,Building Licence,Passenger,19
2200 DIXIE HWY,PROPOSED WORKS,Streetworks,Passenger,23
1698 PHYLLIS AVE,PROPOSED WORKS,Streetworks,Pedestrian,26
1799 MCCLOSKEY AVE,PROPOSED WORKS,Streetworks,Pedestrian,49
1799 WATHEN LN,PROPOSED WORKS,Streetworks,Driver,48
1534 LONEY LN,PROPOSED WORKS,Streetworks,Driver,22
1015 S 8TH ST,PROPOSED WORKS,Streetworks,Driver,39
946 GOSS AVE,PROPOSED WORKS,Streetworks,Driver,42
1263 E BURNETT AVE,PROPOSED WORKS,Streetworks,Passenger,50
930 CLARKS LN,PROPOSED WORKS,Temporary Traffic Restriction,Driver,18
677 S 26TH ST,PROPOSED WORKS,Streetworks,Driver,31
677 S 26TH ST,PROPOSED WORKS,Streetworks,Driver,43
12500 SYCAMORE STATION PL,PROPOSED WORKS,Streetworks,Driver,45
200 E LIBERTY ST,PROPOSED WORKS,Streetworks,Driver,51
319 W MUHAMMAD ALI BLVD,PROPOSED WORKS,Streetworks,Driver,21
1455 S 6TH ST,PROPOSED WORKS,Building Licence,Driver,35
5009 DUNVEGAN RD,PROPOSED WORKS,Streetworks,Driver,24
1000 W JEFFERSON ST Unit 101,PROPOSED WORKS,Temporary Traffic Restriction,Passenger,36
1200 LOGAN ST,PROPOSED WORKS,Building Licence,Driver,27
700 CENTRAL AVE,PROPOSED WORKS,Temporary Traffic Restriction,Driver,26
1385 S 4TH ST,PROPOSED WORKS,Building Licence,Driver,27
724 CAWTHON ST,PROPOSED WORKS,Temporary Traffic Restriction,Driver,48
1901 N BECKLEY STATION RD,PROPOSED WORKS,Streetworks,Pedestrian,14
1715 DIXIE HWY,WORKS ABANDONED,Streetworks,Driver,25
1500 ARCADE AVE,PROPOSED WORKS,Streetworks,Driver,48
977 S SHELBY ST,PROPOSED WORKS,Streetworks,Driver,34
701 E KENTUCKY ST,PROPOSED WORKS,Streetworks,Driver,25
1758 W BURNETT AVE Unit 1,PROPOSED WORKS,Streetworks,Driver,25
2108 MCCLOSKEY AVE,PROPOSED WORKS,Temporary Traffic Restriction,Passenger,22
2304 DUMESNIL ST,PROPOSED WORKS,Streetworks,Passenger,23
2126 W OAK ST,PROPOSED WORKS,Streetworks,Passenger,21
2216 W OAK ST,PROPOSED WORKS,Streetworks,Driver,36
1799 BOLLING AVE,PROPOSED WORKS,Streetworks,Driver,52
2301 W ORMSBY AVE,PROPOSED WORKS,Temporary Traffic Restriction,Driver,39
2727 LINDSAY AVE,PROPOSED WORKS,Streetworks,Passenger,63
1112 RIVER RD,PROPOSED WORKS,Temporary Traffic Restriction,Pedestrian,12
270 N CAMPBELL ST,PROPOSED WORKS,Streetworks,Pedestrian,19
4800 ALLMOND AVE,PROPOSED WORKS,Building Licence,Pedestrian,12
808 DORSEY LN,PROPOSED WORKS,Building Licence,Driver,30
3941 BUECHEL BANK RD,PROPOSED WORKS,Streetworks,Passenger,29
1000 W MARKET ST,PROPOSED WORKS,Building Licence,Driver,37
4333 ROBARDS LN,PROPOSED WORKS,Streetworks,Driver,61
922 S 2ND ST,PROPOSED WORKS,Streetworks,Driver,30
1527 PORTLAND AVE,PROPOSED WORKS,Streetworks,Driver,42
3505 GOLDSMITH LN,PROPOSED WORKS,Streetworks,Pedestrian,34
750 GRADE LN,PROPOSED WORKS,Streetworks,Driver,57
2701 ROCKFORD LN,PROPOSED WORKS,Building Licence,Passenger,26
406 STILZ AVE,PROPOSED WORKS,Streetworks,Driver,63
2201 CROSS HILL RD,PROPOSED WORKS,Temporary Traffic Restriction,Driver,57
2614 TOP HILL RD,PROPOSED WORKS,Streetworks,Driver,24
1018 ELLISON AVE,PROPOSED WORKS,Building Licence,Driver,59
13698 AIKEN RD,PROPOSED WORKS,Streetworks,Passenger,45
1735 S 22ND ST,PROPOSED WORKS,Building Licence,Passenger,39
4424 RIVER RD,PROPOSED WORKS,Streetworks,Driver,47
6310 KENJOY DR,WORKS ABANDONED,Streetworks,Driver,19
1718 MCCLOSKEY AVE,IN PROGRESS,Streetworks,Passenger,20
2201 W MAIN ST,PROPOSED WORKS,Building Licence,Passenger,21
1430 S SHELBY ST,PROPOSED WORKS,Temporary Traffic Restriction,Pedestrian,24
200 E WASHINGTON ST,PROPOSED WORKS,Streetworks,Driver,22
7013 E MANSLICK RD,PROPOSED WORKS,Streetworks,Driver,62
740 COCHRAN HILL RD,PROPOSED WORKS,Building Licence,Driver,17
2614 TOP HILL RD,PROPOSED WORKS,Temporary Traffic Restriction,Passenger,19
1148 S PRESTON ST,PROPOSED WORKS,Temporary Traffic Restriction,Passenger,14
9120 SHELBYVILLE RD,PROPOSED WORKS,Building Licence,Passenger,15
2525 ELLSWORTH AVE,PROPOSED WORKS,Building Licence,Pedestrian,16
7201 JOHNSONTOWN RD,PROPOSED WORKS,Streetworks,Driver,40
10600 LOWER RIVER RD,PROPOSED WORKS,Temporary Traffic Restriction,Driver,23
211 W MUHAMMAD ALI BLVD,PROPOSED WORKS,Temporary Traffic Restriction,Passenger,33
600 E LIBERTY ST,PROPOSED WORKS,Streetworks,Pedestrian,13
416 W MUHAMMAD ALI BLVD Unit 100,PROPOSED WORKS,Streetworks,Passenger,23
540 S 3RD ST,PROPOSED REMEDIAL,Streetworks,Passenger,76
7020 FIELD VIEW CT,PROPOSED WORKS,Streetworks,Passenger,45
7118 FIELD RIDGE CT,PROPOSED WORKS,Temporary Traffic Restriction,Pedestrian,10
101 W MUHAMMAD ALI BLVD,PROPOSED WORKS,Streetworks,Driver,45
5000 FIRWOOD LN,PROPOSED WORKS,Streetworks,Driver,28
5202 FIRWOOD LN,IN PROGRESS,Streetworks,Passenger,29
4701 ANDALUSIA LN,PROPOSED WORKS,Streetworks,Pedestrian,59
100 E JEFFERSON ST,PROPOSED WORKS,Building Licence,Pedestrian,20
1100 CEDAR CT,PROPOSED WORKS,Building Licence,Driver,19
1412 TUCKER STATION RD,PROPOSED WORKS,Temporary Traffic Restriction,Pedestrian,20
660 S 8TH ST,PROPOSED WORKS,Building Licence,Driver,43
2800 S FLOYD ST,PROPOSED WORKS,Temporary Traffic Restriction,Driver,30
3218 BON AIR AVE,PROPOSED WORKS,Streetworks,Driver,56
1087 E KENTUCKY ST,PROPOSED WORKS,Streetworks,Passenger,35
626 RAWLINGS ST,PROPOSED WORKS,Streetworks,Driver,49
2336 S FLOYD ST,PROPOSED WORKS,Streetworks,Passenger,65
200 E WASHINGTON ST,PROPOSED WORKS,Building Licence,Pedestrian,26
1816 RANGELAND RD,PROPOSED WORKS,Streetworks,Driver,52
11200 WESTPORT RD,PROPOSED WORKS,Building Licence,Pedestrian,46
315 W BRECKINRIDGE ST,WORKS ABANDONED,Streetworks,Pedestrian,45
101 E JEFFERSON ST,PROPOSED WORKS,Temporary Traffic Restriction,Driver,23
4701 SHENANDOAH DR,PROPOSED WORKS,Streetworks,Passenger,18
1552 KNIGHT RD,WORKS ABANDONED,Streetworks,Pedestrian,75
4408 ATLAS POWDER RD,PROPOSED WORKS,Building Licence,Pedestrian,80
1710 LINCOLN AVE,PROPOSED WORKS,Streetworks,Driver,20
727 W CHESTNUT ST,PROPOSED WORKS,Streetworks,Driver,37
835 PERENNIAL DR,PROPOSED WORKS,Streetworks,Passenger,19
749 VINE ST,PROPOSED WORKS,Building Licence,Driver,59
508 M ST,PROPOSED WORKS,Crane Operation,Driver,16
5700 WALNUT WAY,PROPOSED WORKS,Streetworks,Driver,58
1908 DEER PARK AVE,IN PROGRESS,Streetworks,Driver,25
731 BRENT ST,PROPOSED WORKS,Streetworks,Driver,22
9053 FERN CREEK RD,PROPOSED WORKS,Building Licence,Passenger,35
6220 DUTCHMANS LN,WORKS ABANDONED,Streetworks,Pedestrian,40
425 W BROADWAY,PROPOSED WORKS,Building Licence,Passenger,55
150 S 3RD ST,PROPOSED WORKS,Streetworks,Pedestrian,18
100 S 2ND ST,PROPOSED WORKS,Streetworks,Pedestrian,33
1517 S 12TH ST,PROPOSED WORKS,Streetworks,Driver,22
1340 W ORMSBY AVE,PROPOSED WORKS,Building Licence,Passenger,50
1371 LEXINGTON RD,PROPOSED WORKS,Temporary Traffic Restriction,Driver,41
3101 S 2ND ST,PROPOSED WORKS,Streetworks,Driver,27
1520 NORRIS PL,PROPOSED WORKS,Streetworks,Driver,56
1311 S SHELBY ST,PROPOSED WORKS,Streetworks,Driver,34
401 S 4TH ST,PROPOSED WORKS,Streetworks,Passenger,17
,PROPOSED WORKS,Temporary Traffic Restriction,Passenger,11
,PROPOSED WORKS,Streetworks,Passenger,43
,PROPOSED WORKS,Streetworks,Pedestrian,18
,PROPOSED WORKS,Streetworks,Pedestrian,19
,PROPOSED WORKS,Streetworks,Pedestrian,19
,PROPOSED WORKS,Building Licence,Driver,38
,PROPOSED WORKS,Temporary Traffic Restriction,Pedestrian,12
,PROPOSED WORKS,Streetworks,Driver,42
,WORKS ABANDONED,Streetworks,Passenger,24
,PROPOSED WORKS,Building Licence,Driver,61
,PROPOSED WORKS,Temporary Traffic Restriction,Driver,42
,PROPOSED WORKS,Building Licence,Passenger,35
,PROPOSED WORKS,Streetworks,Passenger,57
,PROPOSED WORKS,Streetworks,Driver,46
,PROPOSED WORKS,Building Licence,Passenger,7
,IN PROGRESS,Streetworks,Pedestrian,18
,PROPOSED WORKS,Building Licence,Driver,19
,PROPOSED WORKS,Temporary Traffic Restriction,Passenger,15
,WORKS ABANDONED,Streetworks,Passenger,16
,PROPOSED WORKS,Streetworks,Driver,46
,PROPOSED WORKS,Streetworks,Driver,35
,PROPOSED WORKS,Streetworks,Driver,37
,WORKS ABANDONED,Streetworks,Driver,67
,PROPOSED WORKS,Streetworks,Driver,22
,PROPOSED WORKS,Streetworks,Pedestrian,32
,PROPOSED WORKS,Streetworks,Pedestrian,23
,PROPOSED WORKS,Building Licence,Driver,47
,PROPOSED WORKS,Building Licence,Passenger,9
,PROPOSED WORKS,Temporary Traffic Restriction,Passenger,7
,PROPOSED WORKS,Streetworks,Passenger,4
,WORKS ABANDONED,Streetworks,Passenger,31
,PROPOSED WORKS,Streetworks,Passenger,6
,PROPOSED WORKS,Streetworks,Driver,21
,PROPOSED WORKS,Streetworks,Passenger,50
,PROPOSED WORKS,Temporary Traffic Restriction,Pedestrian,51
,PROPOSED WORKS,Temporary Traffic Restriction,Pedestrian,28
,PROPOSED WORKS,Streetworks,Passenger,54
,PROPOSED WORKS,Streetworks,Driver,32
,PROPOSED WORKS,Streetworks,Pedestrian,32
,PROPOSED WORKS,Building Licence,Passenger,4
,PROPOSED WORKS,Streetworks,Driver,50
,PROPOSED WORKS,Streetworks,Pedestrian,22
,WORKS ABANDONED,Streetworks,Pedestrian,36
,PROPOSED WORKS,Streetworks,Driver,74
,PROPOSED WORKS,Streetworks,Driver,50
,PROPOSED WORKS,Streetworks,Passenger,46
,PROPOSED WORKS,Building Licence,Pedestrian,32
,PROPOSED WORKS,Temporary Traffic Restriction,Driver,20
,PROPOSED WORKS,Building Licence,Passenger,41
,PROPOSED WORKS,Crane Operation,Driver,26
,PROPOSED WORKS,Building Licence,Driver,19
,PROPOSED WORKS,Building Licence,Passenger,28
,PROPOSED WORKS,Streetworks,Passenger,20
,PROPOSED WORKS,Building Licence,Passenger,19
,PROPOSED WORKS,Streetworks,Driver,53
,PROPOSED WORKS,Streetworks,Driver,23
,PROPOSED WORKS,Streetworks,Passenger,55
,PROPOSED WORKS,Streetworks,Driver,24
,PROPOSED WORKS,Building Licence,Pedestrian,15
,PROPOSED WORKS,Temporary Traffic Restriction,Pedestrian,23
,PROPOSED WORKS,Streetworks,Driver,65
,WORKS ABANDONED,Streetworks,Driver,33
,PROPOSED WORKS,Building Licence,Driver,57
,PROPOSED WORKS,Building Licence,Driver,40
,PROPOSED WORKS,Streetworks,Driver,42
,PROPOSED WORKS,Temporary Traffic Restriction,Pedestrian,43
,PROPOSED WORKS,Streetworks,Pedestrian,36
,PROPOSED WORKS,Streetworks,Pedestrian,13
,PROPOSED WORKS,Crane Operation,Driver,30
,PROPOSED WORKS,Streetworks,Driver,23
,PROPOSED WORKS,Streetworks,Passenger,67
,PROPOSED WORKS,Streetworks,Driver,52
,PROPOSED WORKS,Building Licence,Passenger,56
,PROPOSED WORKS,Streetworks,Driver,25
,PROPOSED WORKS,Temporary Traffic Restriction,Passenger,57
,PROPOSED WORKS,Streetworks,Driver,43
,PROPOSED WORKS,Streetworks,Driver,60
,PROPOSED WORKS,Building Licence,Driver,72
,PROPOSED WORKS,Building Licence,Driver,56
,PROPOSED WORKS,Streetworks,Driver,34
,PROPOSED WORKS,Streetworks,Driver,63
,PROPOSED WORKS,Streetworks,Passenger,62
,PROPOSED WORKS,Building Licence,Passenger,21
,PROPOSED WORKS,Temporary Traffic Restriction,Driver,40
,PROPOSED WORKS,Building Licence,Passenger,31
,PROPOSED WORKS,Streetworks,Passenger,10
,PROPOSED WORKS,Building Licence,Driver,24
,PROPOSED WORKS,Building Licence,Driver,43
,PROPOSED WORKS,Streetworks,Passenger,64
,PROPOSED WORKS,Building Licence,Pedestrian,45
,PROPOSED WORKS,Building Licence,Driver,28
,PROPOSED WORKS,Streetworks,Driver,28
,PROPOSED WORKS,Building Licence,Passenger,32
,PROPOSED WORKS,Streetworks,Driver,21
,PROPOSED WORKS,Crane Operation,Driver,22
,PROPOSED WORKS,Temporary Traffic Restriction,Passenger,18
,PROPOSED WORKS,Building Licence,Passenger,25
,PROPOSED WORKS,Building Licence,Passenger,24
,PROPOSED WORKS,Streetworks,Driver,38
,PROPOSED WORKS,Temporary Traffic Restriction,Driver,42
,PROPOSED WORKS,Streetworks,Passenger,9
,WORKS ABANDONED,Streetworks,Passenger,8
,PROPOSED WORKS,Streetworks,Passenger,10
,PROPOSED WORKS,Streetworks,Driver,34
,PROPOSED WORKS,Streetworks,Pedestrian,26
,PROPOSED WORKS,Building Licence,Pedestrian,29
,PROPOSED WORKS,Streetworks,Driver,44
,PROPOSED WORKS,Temporary Traffic Restriction,Driver,57
,PROPOSED WORKS,Temporary Traffic Restriction,Pedestrian,7
,PROPOSED WORKS,Streetworks,Driver,26
,WORKS ABANDONED,Streetworks,Driver,25
,PROPOSED WORKS,Temporary Traffic Restriction,Pedestrian,17
,PROPOSED WORKS,Streetworks,Driver,21
,PROPOSED WORKS,Building Licence,Passenger,20
,PROPOSED WORKS,Building Licence,Driver,51
,PROPOSED WORKS,Streetworks,Pedestrian,69
,PROPOSED WORKS,Streetworks,Passenger,17
,PROPOSED WORKS,Streetworks,Driver,19
,PROPOSED WORKS,Building Licence,Driver,57
,PROPOSED WORKS,Building Licence,Passenger,35
,PROPOSED WORKS,Streetworks,Pedestrian,20
,PROPOSED WORKS,Streetworks,Driver,17
,WORKS ABANDONED,Building Licence,Driver,22
,PROPOSED WORKS,Temporary Traffic Restriction,Passenger,22
,PROPOSED WORKS,Streetworks,Passenger,25
,PROPOSED WORKS,Other,Driver,24
,PROPOSED WORKS,Streetworks,Passenger,23
,PROPOSED WORKS,Building Licence,Driver,42
,PROPOSED WORKS,Streetworks,Driver,29
,PROPOSED WORKS,Streetworks,Passenger,30
,PROPOSED WORKS,Crane Operation,Passenger,18
,PROPOSED WORKS,Streetworks,Driver,40
,PROPOSED WORKS,Streetworks,Driver,32
,POTENTIAL WORKS,Streetworks,Pedestrian,16
,WORKS ABANDONED,Streetworks,Driver,72
,PROPOSED WORKS,Streetworks,Driver,39
,PROPOSED WORKS,Streetworks,Driver,34
,PROPOSED WORKS,Streetworks,Driver,57
,PROPOSED WORKS,Building Licence,Driver,44
,PROPOSED WORKS,Streetworks,Driver,7
,PROPOSED WORKS,Streetworks,Pedestrian,77
,WORKS ABANDONED,Streetworks,Passenger,12
,PROPOSED WORKS,Streetworks,Driver,23
,PROPOSED WORKS,Streetworks,Driver,47
,PROPOSED WORKS,Streetworks,Passenger,42
,PROPOSED WORKS,Streetworks,Driver,20
,PROPOSED WORKS,Building Licence,Passenger,21
,PROPOSED WORKS,Streetworks,Passenger,20
,PROPOSED WORKS,Streetworks,Driver,49
,PROPOSED WORKS,Streetworks,Pedestrian,5
,PROPOSED WORKS,Streetworks,Passenger,32
,PROPOSED WORKS,Building Licence,Pedestrian,34
,PROPOSED WORKS,Streetworks,Driver,21
,PROPOSED WORKS,Building Licence,Driver,44
,PROPOSED PERMANENT,Streetworks,Passenger,20
,PROPOSED WORKS,Building Licence,Passenger,21
,PROPOSED WORKS,Streetworks,Passenger,22
,PROPOSED WORKS,Streetworks,Passenger,23
,PROPOSED WORKS,Streetworks,Passenger,36
,PROPOSED WORKS,Building Licence,Pedestrian,11
,PROPOSED WORKS,Building Licence,Driver,42
,PROPOSED WORKS,Temporary Traffic Restriction,Driver,24
,PROPOSED WORKS,Temporary Traffic Restriction,Driver,69
,PROPOSED WORKS,Streetworks,Driver,48
,PROPOSED WORKS,Streetworks,Driver,52
,PROPOSED WORKS,Streetworks,Driver,22
,PROPOSED WORKS,Streetworks,Passenger,43
,PROPOSED WORKS,Building Licence,Driver,47
,PROPOSED WORKS,Streetworks,Driver,34
,PROPOSED WORKS,Streetworks,Driver,28
,PROPOSED WORKS,Streetworks,Driver,16
,PROPOSED WORKS,Streetworks,Passenger,83
,PROPOSED WORKS,Streetworks,Pedestrian,22
,WORKS ABANDONED,Temporary Traffic Restriction,Driver,70
,PROPOSED WORKS,Building Licence,Passenger,36
,PROPOSED WORKS,Streetworks,Driver,45
,PROPOSED WORKS,Streetworks,Driver,35
,PROPOSED WORKS,Building Licence,Passenger,16
,PROPOSED WORKS,Streetworks,Passenger,16
,PROPOSED WORKS,Streetworks,Passenger,16
,PROPOSED WORKS,Building Licence,Passenger,16
,PROPOSED WORKS,Streetworks,Passenger,32
,PROPOSED WORKS,Streetworks,Driver,71
,PROPOSED WORKS,Streetworks,Passenger,46
,PROPOSED WORKS,Streetworks,Driver,39
,PROPOSED WORKS,Temporary Traffic Restriction,Driver,27
,PROPOSED WORKS,Crane Operation,Driver,35
,WORKS ABANDONED,Building Licence,Pedestrian,17
,PROPOSED WORKS,Streetworks,Driver,19
,PROPOSED WORKS,Streetworks,Driver,23
,PROPOSED WORKS,Streetworks,Pedestrian,12
,PROPOSED WORKS,Streetworks,Pedestrian,57
,WORKS ABANDONED,Streetworks,Driver,64
,PROPOSED WORKS,Building Licence,Passenger,65
,PROPOSED WORKS,Streetworks,Driver,51
,IN PROGRESS,Streetworks,Driver,23
,PROPOSED WORKS,Streetworks,Pedestrian,48
,PROPOSED WORKS,Building Licence,Driver,45
,PROPOSED WORKS,Streetworks,Driver,36
,PROPOSED WORKS,Building Licence,Driver,38
,PROPOSED WORKS,Building Licence,Passenger,19
,PROPOSED WORKS,Streetworks,Driver,19
,PROPOSED WORKS,Streetworks,Driver,32
,PROPOSED WORKS,Building Licence,Driver,54
,PROPOSED WORKS,Streetworks,Driver,46
,PROPOSED WORKS,Streetworks,Driver,40
,PROPOSED WORKS,Other,Driver,42
,PROPOSED WORKS,Temporary Traffic Restriction,Passenger,76
,PROPOSED WORKS,Streetworks,Driver,43
,PROPOSED WORKS,Temporary Traffic Restriction,Driver,50
,PROPOSED WORKS,Building Licence,Driver,59
,PROPOSED WORKS,Building Licence,Pedestrian,16
,PROPOSED WORKS,Streetworks,Driver,40
,PROPOSED WORKS,Streetworks,Passenger,85
,PROPOSED WORKS,Building Licence,Passenger,10
,PROPOSED WORKS,Temporary Traffic Restriction,Driver,19
,PROPOSED WORKS,Streetworks,Driver,33
,PROPOSED WORKS,Streetworks,Passenger,34
,PROPOSED WORKS,Temporary Traffic Restriction,Passenger,33
,PROPOSED WORKS,Streetworks,Passenger,33
,POTENTIAL WORKS,Streetworks,Driver,45
,PROPOSED WORKS,Streetworks,Driver,30
,PROPOSED WORKS,Streetworks,Driver,37
,PROPOSED WORKS,Streetworks,Driver,42
,PROPOSED WORKS,Streetworks,Passenger,65
,PROPOSED WORKS,Streetworks,Pedestrian,28
,PROPOSED WORKS,Streetworks,Passenger,29
,PROPOSED WORKS,Building Licence,Pedestrian,4
,PROPOSED WORKS,Streetworks,Passenger,34
,PROPOSED WORKS,Temporary Traffic Restriction,Pedestrian,20
,PROPOSED WORKS,Streetworks,Driver,24
,PROPOSED WORKS,Streetworks,Driver,41
,PROPOSED WORKS,Building Licence,Driver,23
,PROPOSED WORKS,Building Licence,Pedestrian,90
,PROPOSED WORKS,Streetworks,Driver,19
,PROPOSED WORKS,Streetworks,Passenger,20
,PROPOSED WORKS,Streetworks,Pedestrian,29
,PROPOSED WORKS,Temporary Traffic Restriction,Driver,23
,PROPOSED WORKS,Building Licence,Driver,18
,PROPOSED WORKS,Streetworks,Driver,24
,PROPOSED WORKS,Streetworks,Driver,19
,PROPOSED WORKS,Building Licence,Driver,41
,PROPOSED WORKS,Streetworks,Driver,35
,PROPOSED WORKS,Streetworks,Driver,64
,PROPOSED WORKS,Streetworks,Driver,43
,PROPOSED WORKS,Streetworks,Driver,52
,PROPOSED WORKS,Streetworks,Driver,30
,PROPOSED WORKS,Streetworks,Passenger,18
,PROPOSED WORKS,Streetworks,Driver,45
,PROPOSED WORKS,Temporary Traffic Restriction,Passenger,43
,PROPOSED WORKS,Crane Operation,Passenger,18
,PROPOSED WORKS,Building Licence,Driver,50
,PROPOSED WORKS,Streetworks,Driver,55
,PROPOSED WORKS,Temporary Traffic Restriction,Passenger,76
,PROPOSED WORKS,Temporary Traffic Restriction,Driver,45
,PROPOSED WORKS,Streetworks,Driver,39
,WORKS ABANDONED,Streetworks,Driver,48
,PROPOSED WORKS,Temporary Traffic Restriction,Driver,51
,PROPOSED WORKS,Streetworks,Pedestrian,28
,PROPOSED WORKS,Other,Driver,39
,PROPOSED WORKS,Streetworks,Driver,51
,PROPOSED WORKS,Streetworks,Passenger,76
,IN PROGRESS,Streetworks,Driver,83
,PROPOSED WORKS,Streetworks,Passenger,81
,PROPOSED WORKS,Streetworks,Passenger,79
,PROPOSED WORKS,Streetworks,Passenger,19
,PROPOSED WORKS,Streetworks,Passenger,21
,PROPOSED WORKS,Streetworks,Passenger,20
,PROPOSED WORKS,Streetworks,Driver,23
,PROPOSED WORKS,Streetworks,Driver,35
,PROPOSED WORKS,Streetworks,Driver,38
,PROPOSED WORKS,Streetworks,Passenger,5
,PROPOSED WORKS,Temporary Traffic Restriction,Driver,19
,PROPOSED WORKS,Streetworks,Driver,50
,PROPOSED WORKS,Temporary Traffic Restriction,Driver,45
,PROPOSED WORKS,Streetworks,Driver,50
,PROPOSED WORKS,Streetworks,Driver,18
,PROPOSED WORKS,Building Licence,Driver,45
,PROPOSED WORKS,Building Licence,Pedestrian,13
,PROPOSED WORKS,Temporary Traffic Restriction,Pedestrian,81
,PROPOSED WORKS,Streetworks,Driver,30
,PROPOSED WORKS,Other,Driver,22
,PROPOSED WORKS,Streetworks,Passenger,24
,PROPOSED WORKS,Streetworks,Driver,31
,PROPOSED WORKS,Streetworks,Driver,19
,PROPOSED WORKS,Streetworks,Pedestrian,22
,PROPOSED WORKS,Streetworks,Driver,42
,PROPOSED WORKS,Temporary Traffic Restriction,Passenger,43
,PROPOSED WORKS,Streetworks,Driver,20
,IN PROGRESS,Streetworks,Passenger,9
,PROPOSED WORKS,Streetworks,Driver,25
,PROPOSED WORKS,Temporary Traffic Restriction,Driver,24
,PROPOSED WORKS,Streetworks,Passenger,19
,PROPOSED WORKS,Streetworks,Driver,18
,PROPOSED WORKS,Streetworks,Passenger,15
,PROPOSED WORKS,Building Licence,Pedestrian,15
,PROPOSED WORKS,Streetworks,Pedestrian,58
,PROPOSED WORKS,Building Licence,Pedestrian,12
,PROPOSED WORKS,Building Licence,Driver,21
,PROPOSED WORKS,Streetworks,Driver,52
,PROPOSED WORKS,Streetworks,Pedestrian,18
,PROPOSED WORKS,Building Licence,Driver,28
,PROPOSED WORKS,Temporary Traffic Restriction,Driver,28
,PROPOSED WORKS,Temporary Traffic Restriction,Passenger,22
,PROPOSED WORKS,Building Licence,Driver,50
,PROPOSED WORKS,Streetworks,Driver,25
,PROPOSED WORKS,Building Licence,Passenger,43
,PROPOSED WORKS,Streetworks,Driver,40
,PROPOSED WORKS,Building Licence,Passenger,34
,PROPOSED WORKS,Building Licence,Driver,29
,IN PROGRESS,Streetworks,Passenger,70
,PROPOSED WORKS,Streetworks,Driver,59
,PROPOSED WORKS,Streetworks,Passenger,45
,PROPOSED WORKS,Building Licence,Driver,43
,PROPOSED WORKS,Building Licence,Driver,31
,PROPOSED WORKS,Temporary Traffic Restriction,Passenger,28
,PROPOSED WORKS,Streetworks,Passenger,41
,PROPOSED WORKS,Streetworks,Driver,57
,PROPOSED WORKS,Building Licence,Pedestrian,13
,PROPOSED WORKS,Streetworks,Pedestrian,9
,PROPOSED WORKS,Streetworks,Passenger,82
,PROPOSED WORKS,Building Licence,Driver,20
,PROPOSED WORKS,Streetworks,Driver,30
,PROPOSED WORKS,Building Licence,Driver,36
,PROPOSED WORKS,Streetworks,Passenger,30
,PROPOSED WORKS,Streetworks,Pedestrian,47
,PROPOSED WORKS,Temporary Traffic Restriction,Driver,26
,PROPOSED WORKS,Building Licence,Passenger,34
,PROPOSED WORKS,Streetworks,Driver,27
,PROPOSED WORKS,Streetworks,Passenger,21
,PROPOSED WORKS,Other,Pedestrian,45
,PROPOSED WORKS,Streetworks,Pedestrian,46
,PROPOSED WORKS,Streetworks,Driver,40
,PROPOSED WORKS,Building Licence,Driver,47
,PROPOSED WORKS,Streetworks,Driver,57
,PROPOSED WORKS,Streetworks,Driver,45
,PROPOSED WORKS,Streetworks,Driver,23
,PROPOSED REMEDIAL,Streetworks,Driver,23
,PROPOSED WORKS,Streetworks,Driver,51
,PROPOSED WORKS,Temporary Traffic Restriction,Passenger,18
,PROPOSED WORKS,Building Licence,Passenger,16
,PROPOSED WORKS,Temporary Traffic Restriction,Driver,18
,PROPOSED WORKS,Streetworks,Pedestrian,37
,PROPOSED WORKS,Streetworks,Driver,22
,PROPOSED WORKS,Streetworks,Passenger,29
,PROPOSED WORKS,Streetworks,Passenger,20
,WORKS ABANDONED,Streetworks,Driver,66
,PROPOSED WORKS,Streetworks,Driver,36
,PROPOSED WORKS,Streetworks,Pedestrian,27
,PROPOSED WORKS,Building Licence,Driver,64
,PROPOSED WORKS,Building Licence,Passenger,36
,IN PROGRESS,Streetworks,Driver,15
,PROPOSED WORKS,Building Licence,Driver,30
,PROPOSED WORKS,Temporary Traffic Restriction,Passenger,23
,PROPOSED WORKS,Building Licence,Passenger,21
,PROPOSED WORKS,Building Licence,Passenger,30
,PROPOSED WORKS,Streetworks,Driver,20
,PROPOSED WORKS,Building Licence,Passenger,35
,PROPOSED WORKS,Temporary Traffic Restriction,Driver,22
,PROPOSED WORKS,Streetworks,Driver,36
,PROPOSED WORKS,Streetworks,Passenger,5
,PROPOSED WORKS,Streetworks,Driver,57
,PROPOSED WORKS,Building Licence,Driver,67
,PROPOSED WORKS,Streetworks,Driver,49
,PROPOSED WORKS,Streetworks,Pedestrian,19
,PROPOSED WORKS,Streetworks,Driver,30
,PROPOSED WORKS,Temporary Traffic Restriction,Driver,41
,PROPOSED WORKS,Building Licence,Driver,20
,PROPOSED WORKS,Building Licence,Driver,40
,PROPOSED WORKS,Streetworks,Passenger,63
,PROPOSED WORKS,Streetworks,Driver,17
,PROPOSED WORKS,Streetworks,Driver,52
,PROPOSED WORKS,Temporary Traffic Restriction,Driver,45
,PROPOSED WORKS,Streetworks,Driver,21
,PROPOSED WORKS,Streetworks,Driver,52
,PROPOSED WORKS,Streetworks,Pedestrian,5
,PROPOSED WORKS,Building Licence,Pedestrian,25
,PROPOSED WORKS,Streetworks,Driver,25
,IN PROGRESS,Streetworks,Driver,21
,PROPOSED WORKS,Building Licence,Passenger,21
,PROPOSED WORKS,Temporary Traffic Restriction,Passenger,21
,PROPOSED WORKS,Streetworks,Driver,73
,PROPOSED WORKS,Streetworks,Driver,27
,PROPOSED WORKS,Streetworks,Driver,51
,PROPOSED WORKS,Streetworks,Driver,33
,PROPOSED WORKS,Streetworks,Passenger,20
,PROPOSED WORKS,Streetworks,Passenger,71
,IN PROGRESS,Streetworks,Driver,46
,PROPOSED WORKS,Temporary Traffic Restriction,Driver,48
,PROPOSED WORKS,Streetworks,Passenger,15
,PROPOSED WORKS,Streetworks,Driver,38
,PROPOSED WORKS,Streetworks,Pedestrian,11
,PROPOSED WORKS,Building Licence,Driver,60
,PROPOSED WORKS,Crane Operation,Driver,26
,PROPOSED WORKS,Streetworks,Pedestrian,4
,PROPOSED WORKS,Building Licence,Driver,43
,PROPOSED WORKS,Streetworks,Passenger,13
,PROPOSED WORKS,Streetworks,Driver,38
,PROPOSED WORKS,Streetworks,Passenger,73
,WORKS ABANDONED,Streetworks,Driver,64
,PROPOSED WORKS,Streetworks,Passenger,77
,POTENTIAL WORKS,Streetworks,Pedestrian,70
,PROPOSED WORKS,Building Licence,Pedestrian,85
,PROPOSED WORKS,Building Licence,Driver,36
,PROPOSED WORKS,Building Licence,Driver,37
,WORKS ABANDONED,Streetworks,Pedestrian,86
,PROPOSED REMEDIAL,Streetworks,Pedestrian,10
,PROPOSED WORKS,Temporary Traffic Restriction,Driver,21
,PROPOSED WORKS,Streetworks,Driver,29
,PROPOSED WORKS,Streetworks,Passenger,38
,PROPOSED WORKS,Temporary Traffic Restriction,Passenger,13
,PROPOSED WORKS,Streetworks,Passenger,9
,PROPOSED WORKS,Streetworks,Pedestrian,21
,PROPOSED WORKS,Streetworks,Driver,47
,PROPOSED WORKS,Building Licence,Driver,20
,PROPOSED WORKS,Streetworks,Passenger,19
,PROPOSED WORKS,Streetworks,Passenger,45
,PROPOSED WORKS,Temporary Traffic Restriction,Pedestrian,19
,PROPOSED WORKS,Streetworks,Driver,47
,PROPOSED WORKS,Building Licence,Driver,60
,PROPOSED WORKS,Building Licence,Driver,29
,PROPOSED WORKS,Streetworks,Passenger,11
,PROPOSED WORKS,Streetworks,Passenger,42
,PROPOSED WORKS,Crane Operation,Driver,33
,PROPOSED WORKS,Streetworks,Passenger,9
,PROPOSED WORKS,Building Licence,Driver,41
,PROPOSED WORKS,Building Licence,Driver,75
,PROPOSED WORKS,Streetworks,Driver,19
,PROPOSED REMEDIAL,Streetworks,Driver,36
,PROPOSED WORKS,Streetworks,Driver,16
,PROPOSED WORKS,Crane Operation,Passenger,18
,PROPOSED WORKS,Streetworks,Passenger,17
,PROPOSED WORKS,Building Licence,Passenger,17
,PROPOSED WORKS,Temporary Traffic Restriction,Passenger,16
,,,Driver,49
,,,Driver,18
,,,Driver,18
,,,Pedestrian,29
,,,Driver,30
,,,Pedestrian,42
,,,Driver,31
,,,Passenger,70
,,,Driver,34
,,,Driver,40
,,,Pedestrian,37
,,,Passenger,26
,,,Pedestrian,28
,,,Pedestrian,53
,,,Driver,27
,,,Passenger,30
,,,Pedestrian,9
,,,Driver,25
,,,Passenger,20
,,,Driver,43
,,,Driver,69
,,,Driver,27
,,,Driver,49
,,,Driver,51
,,,Passenger,40
,,,Pedestrian,12
,,,Pedestrian,55
,,,Driver,21
,,,Driver,48
,,,Driver,26
,,,Pedestrian,12
,,,Passenger,15
,,,Passenger,15
,,,Pedestrian,23
,,,Driver,49
,,,Driver,25
,,,Driver,37
,,,Passenger,29
,,,Driver,26
,,,Driver,35
,,,Pedestrian,20
,,,Driver,25
,,,Driver,32
,,,Driver,19
,,,Driver,42
,,,Pedestrian,40
,,,Pedestrian,12
,,,Driver,46
,,,Pedestrian,22
,,,Driver,51
,,,Driver,37
,,,Pedestrian,20
,,,Driver,43
,,,Pedestrian,25
,,,Pedestrian,11
,,,Driver,33
,,,Passenger,22
,,,Driver,33
,,,Driver,25
,,,Driver,55
,,,Driver,53
,,,Driver,22
,,,Passenger,38
,,,Driver,27
,,,Passenger,38
,,,Passenger,27
,,,Driver,42
,,,Pedestrian,7
,,,Driver,36
,,,Passenger,33
,,,Passenger,5
,,,Passenger,62
,,,Driver,26
,,,Pedestrian,52
,,,Pedestrian,8
,,,Driver,48
,,,Driver,48
,,,Driver,43
,,,Pedestrian,40
,,,Driver,74
,,,Driver,17
,,,Driver,55
,,,Passenger,2
,,,Driver,35
,,,Driver,22
,,,Driver,38
,,,Passenger,9
,,,Passenger,7
,,,Passenger,33
,,,Pedestrian,34
,,,Pedestrian,61
,,,Driver,32
,,,Pedestrian,35
,,,Driver,27
,,,Passenger,45
,,,Driver,43
,,,Pedestrian,47
,,,Driver,23
,,,Passenger,86
,,,Driver,46
,,,Pedestrian,18
,,,Passenger,32
,,,Pedestrian,39
,,,Driver,58
,,,Passenger,63
,,,Driver,28
,,,Passenger,24
,,,Pedestrian,85
,,,Passenger,12
,,,Passenger,91
,,,Pedestrian,4
,,,Driver,36
,,,Passenger,39
,,,Driver,39
,,,Driver,28
,,,Passenger,57
,,,Passenger,26
,,,Driver,25
,,,Pedestrian,3
,,,Driver,48
,,,Passenger,57
,,,Passenger,36
,,,Driver,31
,,,Driver,79
,,,Driver,20
,,,Driver,39
,,,Driver,27
,,,Passenger,8
,,,Driver,35
,,,Driver,34
,,,Passenger,31
,,,Passenger,28
,,,Passenger,29
,,,Driver,33
,,,Driver,21
,,,Driver,28
,,,Pedestrian,19
,,,Driver,36
,,,Driver,53
,,,Driver,34
,,,Pedestrian,20
,,,Driver,33
,,,Driver,36
,,,Passenger,19
,,,Pedestrian,30
,,,Driver,35
,,,Pedestrian,31
,,,Driver,7
,,,Pedestrian,18
,,,Driver,18
,,,Driver,31
,,,Driver,27
,,,Passenger,27
,,,Driver,48
,,,Driver,18
,,,Pedestrian,50
,,,Driver,38
,,,Driver,81
,,,Driver,37
,,,Passenger,66
,,,Passenger,4
,,,Driver,40
,,,Driver,42
,,,Driver,23
,,,Driver,47
,,,Passenger,43
,,,Passenger,10
,,,Passenger,7
,,,Driver,25
,,,Driver,27
,,,Passenger,22
,,,Passenger,6
,,,Passenger,2
,,,Passenger,58
,,,Pedestrian,10
,,,Driver,20
,,,Driver,36
,,,Driver,10
,,,Driver,42
,,,Driver,30
,,,Passenger,8
,,,Passenger,30
,,,Passenger,10
,,,Passenger,20
,,,Driver,31
,,,Driver,24
,,,Driver,26
,,,Pedestrian,11
,,,Driver,37
,,,Passenger,33
,,,Pedestrian,55
,,,Pedestrian,23
,,,Pedestrian,25
,,,Driver,81
,,,Driver,62
,,,Driver,43
,,,Driver,50
,,,Driver,21
,,,Pedestrian,17
,,,Pedestrian,32
,,,Driver,45
,,,Passenger,23
,,,Pedestrian,21
,,,Driver,41
,,,Driver,62
,,,Driver,41
,,,Pedestrian,50
,,,Driver,33
,,,Pedestrian,8
,,,Driver,16
,,,Driver,50
,,,Passenger,32
,,,Driver,50
,,,Passenger,24
,,,Pedestrian,4
,,,Driver,46
,,,Passenger,18
,,,Driver,22
,,,Driver,44
,,,Passenger,46
,,,Driver,68
,,,Driver,35
,,,Passenger,10
,,,Pedestrian,3
,,,Driver,37
,,,Passenger,33
,,,Driver,23
,,,Driver,21
,,,Driver,45
,,,Driver,31
,,,Passenger,43
,,,Driver,27
,,,Passenger,51
,,,Driver,14
,,,Pedestrian,79
,,,Driver,17
,,,Driver,46
,,,Driver,38
,,,Passenger,75
,,,Pedestrian,8
,,,Driver,41
,,,Passenger,53
,,,Passenger,54
,,,Driver,51
,,,Pedestrian,62
,,,Passenger,20
,,,Driver,22
,,,Driver,20
,,,Driver,23
,,,Driver,20
,,,Driver,49
,,,Passenger,49
,,,Driver,35
,,,Driver,37
,,,Passenger,21
,,,Passenger,45
,,,Driver,19
,,,Pedestrian,55
,,,Driver,18
,,,Driver,85
,,,Driver,18
,,,Driver,44
,,,Driver,18
,,,Driver,19
,,,Driver,5
,,,Driver,49
,,,Passenger,41
,,,Passenger,33
,,,Driver,38
,,,Driver,89
,,,Driver,49
,,,Passenger,52
,,,Driver,25
,,,Passenger,27
,,,Driver,23
,,,Driver,29
,,,Driver,54
,,,Passenger,27
,,,Passenger,34
,,,Passenger,31
,,,Driver,24
,,,Driver,58
,,,Driver,56
,,,Driver,37
,,,Passenger,37
,,,Driver,46
,,,Driver,32
,,,Passenger,82
,,,Passenger,73
,,,Passenger,6
,,,Passenger,3
,,,Driver,19
,,,Pedestrian,42
,,,Driver,26
,,,Pedestrian,24
,,,Driver,35
,,,Passenger,75
,,,Passenger,60
,,,Driver,35
,,,Driver,30
,,,Driver,22
,,,Pedestrian,12
,,,Driver,45
,,,Driver,20
,,,Driver,50
,,,Passenger,50
,,,Driver,71
,,,Driver,37
,,,Driver,34
,,,Driver,15
,,,Driver,49
,,,Driver,49
,,,Driver,47
,,,Pedestrian,28
,,,Pedestrian,11
,,,Pedestrian,55
,,,Driver,38
,,,Driver,27
,,,Driver,18
,,,Passenger,17
,,,Passenger,17
,,,Driver,37
,,,Passenger,37
,,,Passenger,57
,,,Driver,20
,,,Passenger,20
,,,Passenger,19
,,,Driver,27
,,,Passenger,25
,,,Driver,43
,,,Passenger,32
,,,Passenger,4
,,,Driver,48
,,,Driver,31
,,,Driver,44
,,,Passenger,37
,,,Driver,47
,,,Driver,45
,,,Driver,25
,,,Driver,55
,,,Driver,46
,,,Pedestrian,24
,,,Driver,35
,,,Driver,58
,,,Driver,16
,,,Driver,18
,,,Driver,44
,,,Driver,59
,,,Driver,25
,,,Driver,27
,,,Passenger,18
,,,Pedestrian,80
,,,Pedestrian,19
,,,Driver,34
,,,Driver,33
,,,Driver,47
,,,Passenger,25
,,,Driver,30
,,,Driver,54
,,,Driver,46
,,,Passenger,35
,,,Pedestrian,50
,,,Driver,17
,,,Passenger,16
,,,Driver,41
,,,Passenger,74
,,,Driver,21
,,,Passenger,20
,,,Driver,9
,,,Driver,55
,,,Driver,55
,,,Driver,52
,,,Driver,34
,,,Driver,24
,,,Driver,44
,,,Driver,38
,,,Passenger,47
,,,Passenger,33
,,,Driver,15
,,,Pedestrian,4
,,,Pedestrian,30
,,,Driver,26
,,,Passenger,5
,,,Passenger,49
,,,Driver,50
,,,Driver,27
,,,Driver,58
,,,Driver,38
,,,Passenger,55
,,,Passenger,59
,,,Passenger,59
,,,Driver,39
,,,Pedestrian,71
,,,Driver,21
,,,Driver,51
,,,Passenger,3
,,,Driver,56
,,,Passenger,59
,,,Driver,47
,,,Driver,33
,,,Passenger,75
,,,Driver,43
,,,Driver,77
,,,Driver,20
,,,Driver,19
,,,Passenger,19
,,,Driver,25
,,,Driver,52
,,,Driver,61
,,,Driver,19
,,,Driver,45
,,,Driver,26
,,,Driver,64
,,,Driver,53
,,,Passenger,5
,,,Driver,54
,,,Driver,37
,,,Passenger,66
,,,Passenger,25
,,,Driver,22
,,,Driver,41
,,,Passenger,21
,,,Passenger,21
,,,Driver,67
,,,Driver,27
,,,Driver,58
,,,Driver,47
,,,Driver,26
,,,Passenger,38
,,,Passenger,21
,,,Passenger,65
,,,Pedestrian,12
,,,Driver,24
,,,Driver,33
,,,Passenger,14
,,,Passenger,10
,,,Pedestrian,82
,,,Pedestrian,25
,,,Driver,37
,,,Pedestrian,20
,,,Driver,31
,,,Driver,50
,,,Passenger,21
,,,Driver,29
,,,Driver,47
,,,Driver,43
,,,Passenger,58
,,,Driver,81
,,,Driver,38
,,,Passenger,35
,,,Driver,19
,,,Pedestrian,12
,,,Pedestrian,30
,,,Driver,38
,,,Driver,25
,,,Driver,57
,,,Driver,38
,,,Passenger,6
,,,Pedestrian,30
,,,Driver,30
,,,Driver,40
,,,Passenger,44
,,,Driver,18
,,,Driver,43
,,,Passenger,19
,,,Passenger,12
,,,Driver,41
,,,Driver,40
,,,Driver,13
,,,Passenger,65
,,,Driver,16
,,,Passenger,16
,,,Driver,27
,,,Driver,42
,,,Passenger,62
,,,Driver,19
,,,Passenger,23
,,,Driver,24
,,,Driver,59
,,,Passenger,25
,,,Driver,43
,,,Driver,31
,,,Driver,16
,,,Pedestrian,62
,,,Driver,22
,,,Driver,35
,,,Pedestrian,20
,,,Pedestrian,14
,,,Driver,12
,,,Driver,18
,,,Driver,61
,,,Driver,66
,,,Passenger,4
,,,Passenger,83
,,,Passenger,40
,,,Driver,13
,,,Driver,18
,,,Driver,39
,,,Driver,53
,,,Pedestrian,31
,,,Passenger,31
,,,Passenger,26
,,,Driver,21
,,,Driver,27
,,,Driver,31
,,,Driver,41
,,,Driver,43
,,,Passenger,16
,,,Driver,48
,,,Driver,51
,,,Driver,24
,,,Driver,37
,,,Passenger,24
,,,Driver,31
,,,Driver,32
,,,Driver,39
,,,Driver,23
,,,Passenger,21
,,,Pedestrian,68
,,,Pedestrian,22
,,,Driver,47
,,,Driver,35
,,,Driver,93
,,,Passenger,84
,,,Passenger,51
,,,Driver,23
,,,Driver,25
,,,Pedestrian,9
,,,Driver,29
,,,Driver,33
,,,Driver,24
,,,Driver,22
,,,Driver,37
,,,Passenger,36
,,,Driver,47
,,,Pedestrian,8
,,,Passenger,52
,,,Driver,63
,,,Driver,27
,,,Driver,42
,,,Driver,39
,,,Driver,54
,,,Driver,30
,,,Passenger,29
,,,Passenger,28
,,,Driver,22
,,,Passenger,22
,,,Passenger,5
,,,Passenger,20
,,,Driver,17
,,,Driver,26
,,,Driver,26
,,,Passenger,20
,,,Passenger,22
,,,Driver,24
,,,Pedestrian,17
,,,Driver,22
,,,Driver,60
,,,Driver,42
,,,Driver,37
,,,Passenger,12
,,,Driver,28
,,,Passenger,49
,,,Driver,53
,,,Passenger,48
,,,Driver,61
,,,Driver,38
,,,Driver,37
,,,Driver,28
,,,Pedestrian,47
,,,Driver,62
,,,Driver,30
,,,Passenger,4
,,,Driver,32
,,,Pedestrian,2
,,,Driver,28
,,,Driver,41
,,,Driver,80
,,,Driver,40
,,,Driver,29
,,,Passenger,7
,,,Driver,21
,,,Driver,19
,,,Driver,24
,,,Passenger,31
,,,Driver,33
,,,Driver,45
,,,Passenger,14
,,,Passenger,77
,,,Driver,21
,,,Passenger,16
,,,Passenger,15
,,,Passenger,16
,,,Driver,46
,,,Driver,21
,,,Passenger,16
,,,Passenger,16
,,,Passenger,17
,,,Driver,9
,,,Passenger,12
,,,Passenger,41
,,,Driver,58
,,,Passenger,56
,,,Driver,25
,,,Driver,63
,,,Passenger,17
,,,Passenger,17
,,,Pedestrian,12
,,,Driver,25
,,,Driver,22
,,,Driver,21
,,,Passenger,21
,,,Driver,18
,,,Driver,43
,,,Passenger,22
,,,Passenger,22
,,,Passenger,36
,,,Passenger,60
,,,Driver,48
,,,Driver,41
,,,Pedestrian,4
,,,Driver,22
,,,Passenger,46
,,,Driver,25
,,,Driver,20
,,,Pedestrian,16
,,,Passenger,17
,,,Driver,17
,,,Driver,50
,,,Passenger,14
,,,Driver,43
,,,Passenger,30
,,,Driver,60
,,,Passenger,26
,,,Passenger,60
,,,Passenger,26
,,,Driver,48
,,,Driver,27
,,,Driver,25
,,,Driver,23
,,,Driver,26
,,,Passenger,16
,,,Driver,17
,,,Passenger,14
,,,Passenger,17
,,,Driver,27
,,,Driver,23
,,,Driver,43
,,,Pedestrian,14
,,,Driver,22
,,,Driver,30
,,,Pedestrian,5
,,,Driver,61
,,,Pedestrian,11
,,,Passenger,19
,,,Driver,40
,,,Driver,50
,,,Passenger,50
,,,Driver,34
,,,Passenger,29
,,,Driver,12
,,,Driver,23
,,,Driver,46
,,,Passenger,30
,,,Passenger,53
,,,Passenger,62
,,,Driver,53
,,,Driver,33
,,,Passenger,70
,,,Driver,36
,,,Driver,15
,,,Pedestrian,16
,,,Driver,51
,,,Driver,31
,,,Driver,33
,,,Passenger,30
,,,Passenger,23
,,,Passenger,32
,,,Pedestrian,89
,,,Driver,29
,,,Pedestrian,36
,,,Driver,53
,,,Driver,29
,,,Passenger,57
,,,Passenger,20
,,,Driver,59
,,,Passenger,69
,,,Driver,17
,,,Passenger,16
,,,Driver,29
,,,Driver,40
,,,Driver,31
,,,Driver,48
,,,Passenger,21
,,,Driver,47
,,,Driver,36
,,,Passenger,29
,,,Passenger,18
,,,Driver,26
,,,Passenger,31
,,,Passenger,36
,,,Passenger,40
,,,Driver,32
,,,Driver,22
,,,Pedestrian,11
,,,Driver,34
,,,Pedestrian,36
,,,Pedestrian,2
,,,Pedestrian,15
,,,Driver,27
,,,Passenger,25
,,,Passenger,21
,,,Driver,47
,,,Passenger,34
,,,Pedestrian,9
,,,Driver,46
,,,Driver,49
,,,Passenger,20
,,,Driver,20
,,,Passenger,20
,,,Driver,25
,,,Driver,38
,,,Driver,38
,,,Driver,46
,,,Driver,24
,,,Driver,28
,,,Driver,35
,,,Driver,12
,,,Driver,62
,,,Driver,21
,,,Passenger,23
,,,Driver,52
,,,Passenger,27
,,,Driver,51
,,,Passenger,17
,,,Driver,51
,,,Passenger,31
,,,Passenger,16
,,,Passenger,18
,,,Driver,17
,,,Passenger,68
,,,Driver,36
,,,Driver,26
,,,Driver,27
,,,Driver,25
,,,Driver,52
,,,Driver,37
,,,Passenger,26
,,,Driver,11
,,,Pedestrian,63
,,,Pedestrian,15
,,,Driver,46
,,,Driver,48
,,,Driver,16
,,,Driver,17
,,,Pedestrian,22
,,,Pedestrian,5
,,,Driver,5
,,,Driver,34
,,,Driver,46
,,,Passenger,55
,,,Passenger,65
,,,Passenger,34
,,,Passenger,29
,,,Passenger,27
,,,Passenger,31
,,,Passenger,37
,,,Passenger,42
,,,Passenger,36
,,,Passenger,34
,,,Passenger,67
,,,Driver,47
,,,Passenger,12
,,,Driver,27
,,,Passenger,58
,,,Driver,19
,,,Pedestrian,14
,,,Pedestrian,17
,,,Driver,41
,,,Driver,18
,,,Passenger,18
,,,Pedestrian,27
,,,Driver,19
,,,Passenger,29
,,,Driver,18
,,,Passenger,16
,,,Pedestrian,19
,,,Passenger,24
,,,Driver,19
,,,Driver,80
,,,Pedestrian,7
,,,Pedestrian,25
,,,Pedestrian,15
,,,Driver,8
,,,Driver,27
,,,Passenger,38
,,,Driver,49
,,,Passenger,26
,,,Passenger,18
,,,Passenger,30
,,,Passenger,38
,,,Passenger,1
,,,Driver,50
,,,Driver,8
,,,Driver,38
,,,Driver,42
,,,Driver,67
,,,Driver,55
,,,Passenger,45
,,,Driver,22
,,,Passenger,25
,,,Driver,35
,,,Driver,51
,,,Passenger,60
,,,Passenger,23
,,,Passenger,35
,,,Passenger,41
,,,Passenger,45
,,,Passenger,23
,,,Passenger,22
,,,Passenger,29
,,,Passenger,21
,,,Passenger,18
,,,Passenger,18
,,,Passenger,19
,,,Passenger,18
,,,Passenger,27
,,,Passenger,34
,,,Passenger,67
,,,Driver,21
,,,Driver,32
,,,Driver,48
,,,Passenger,36
,,,Passenger,26
,,,Driver,28
,,,Passenger,45
,,,Passenger,42
,,,Passenger,26
,,,Pedestrian,27
,,,Passenger,38
,,,Driver,28
,,,Pedestrian,17
,,,Driver,47
,,,Driver,31
,,,Passenger,25
,,,Driver,37
,,,Passenger,6
,,,Pedestrian,66
,,,Driver,23
,,,Passenger,22
,,,Driver,39
,,,Pedestrian,10
,,,Driver,49
,,,Driver,45
,,,Pedestrian,7
,,,Driver,18
,,,Driver,53
,,,Driver,45
,,,Pedestrian,41
,,,Driver,30
,,,Driver,21
,,,Passenger,58
,,,Passenger,26
,,,Driver,36
,,,Driver,84
,,,Passenger,75
,,,Passenger,70
,,,Passenger,35
,,,Driver,38
,,,Driver,20
,,,Driver,39
,,,Driver,51
,,,Driver,19
,,,Driver,53
,,,Passenger,6
,,,Driver,31
,,,Driver,21
,,,Passenger,6
,,,Passenger,18
,,,Driver,17
,,,Driver,30
,,,Passenger,44
,,,Passenger,32
,,,Passenger,52
,,,Driver,25
,,,Driver,19
,,,Driver,38
,,,Passenger,36
,,,Driver,34
,,,Passenger,6
,,,Passenger,11
,,,Passenger,1
,,,Driver,18
,,,Driver,26
,,,Passenger,33
,,,Passenger,36
,,,Driver,67
,,,Driver,32
,,,Driver,17
,,,Driver,53
,,,Driver,36
,,,Passenger,42
,,,Driver,64
,,,Driver,33
,,,Passenger,64
,,,Passenger,20
,,,Driver,51
,,,Driver,23
,,,Passenger,16
,,,Driver,19
,,,Driver,54
,,,Passenger,12
,,,Passenger,25
,,,Passenger,37
,,,Driver,20
,,,Driver,25
,,,Driver,51
,,,Driver,38
,,,Driver,37
,,,Driver,43
,,,Passenger,21
,,,Passenger,40
,,,Driver,50
,,,Pedestrian,11
,,,Driver,28
,,,Passenger,28
,,,Pedestrian,62
,,,Driver,36
,,,Driver,24
,,,Passenger,18
,,,Pedestrian,52
,,,Driver,17
,,,Passenger,77
,,,Driver,40
,,,Driver,39
,,,Driver,38
,,,Driver,31
,,,Passenger,26
,,,Driver,58
,,,Driver,28
,,,Pedestrian,80
,,,Passenger,28
,,,Driver,25
,,,Driver,33
,,,Pedestrian,31
,,,Driver,56
,,,Pedestrian,11
,,,Pedestrian,22
,,,Driver,36
,,,Driver,23
,,,Pedestrian,16
,,,Pedestrian,37
,,,Driver,21
,,,Driver,51
,,,Pedestrian,14
,,,Driver,15
,,,Driver,37
,,,Driver,13
,,,Passenger,21
,,,Driver,23
,,,Driver,42
,,,Pedestrian,15
,,,Driver,19
,,,Passenger,1
,,,Driver,34
,,,Driver,37
,,,Driver,50
,,,Passenger,20
,,,Passenger,12
,,,Driver,75
,,,Passenger,72
,,,Driver,31
,,,Driver,44
,,,Pedestrian,47
,,,Passenger,19
,,,Pedestrian,20
,,,Driver,60
,,,Driver,33
,,,Driver,18
,,,Passenger,18
,,,Driver,46
,,,Passenger,24
,,,Passenger,24
,,,Driver,25
,,,Pedestrian,16
,,,Driver,22
,,,Passenger,23
,,,Passenger,64
,,,Pedestrian,4
,,,Driver,86
,,,Driver,40
,,,Pedestrian,56
,,,Driver,24
,,,Passenger,22
,,,Driver,41
,,,Passenger,81
,,,Driver,20
,,,Passenger,56
,,,Pedestrian,22
,,,Driver,33
,,,Driver,42
,,,Passenger,75
,,,Driver,58
,,,Driver,38
,,,Driver,36
,,,Passenger,52
,,,Driver,23
,,,Pedestrian,25
,,,Pedestrian,22
,,,Driver,42
,,,Passenger,41
,,,Driver,16
,,,Passenger,75
,,,Driver,29
,,,Driver,22
,,,Passenger,18
,,,Passenger,20
,,,Driver,23
,,,Pedestrian,38
,,,Driver,23
,,,Passenger,22
,,,Passenger,61
,,,Driver,20
,,,Passenger,80
,,,Driver,30
,,,Driver,39
,,,Pedestrian,18
,,,Pedestrian,26
,,,Pedestrian,16
,,,Driver,24
,,,Pedestrian,59
,,,Driver,11
,,,Driver,26
,,,Driver,41
,,,Driver,21
,,,Passenger,20
,,,Pedestrian,44
,,,Driver,61
,,,Driver,30
,,,Driver,25
,,,Driver,47
,,,Driver,32
,,,Driver,45
,,,Driver,61
,,,Driver,30
,,,Driver,23
,,,Passenger,20
,,,Passenger,24
,,,Passenger,26
,,,Driver,38
,,,Driver,84
,,,Driver,45
,,,Passenger,82
,,,Driver,51
,,,Driver,58
,,,Passenger,86
,,,Driver,38
,,,Driver,41
,,,Driver,18
,,,Driver,28
,,,Passenger,30
,,,Driver,36
,,,Pedestrian,9
,,,Driver,33
,,,Driver,56
,,,Passenger,48
,,,Passenger,10
,,,Passenger,8
,,,Driver,50
,,,Driver,31
,,,Driver,32
,,,Driver,21
,,,Driver,50
,,,Pedestrian,62
,,,Driver,43
,,,Passenger,32
,,,Driver,21
,,,Driver,16
,,,Passenger,79
,,,Driver,22
,,,Driver,36
,,,Driver,36
,,,Driver,41
,,,Driver,37
,,,Driver,43
,,,Driver,18
,,,Driver,45
,,,Passenger,14
,,,Pedestrian,46
,,,Driver,22
,,,Driver,77
,,,Pedestrian,20
,,,Driver,47
,,,Driver,23
,,,Driver,44
,,,Driver,30
,,,Driver,38
,,,Passenger,18
,,,Passenger,19
,,,Driver,34
,,,Pedestrian,55
,,,Driver,29
,,,Driver,16
,,,Driver,43
,,,Driver,47
,,,Driver,19
,,,Passenger,19
,,,Passenger,19
,,,Driver,47
,,,Passenger,56
,,,Pedestrian,11
,,,Driver,19
,,,Driver,45
,,,Passenger,19
,,,Passenger,56
,,,Driver,27
,,,Driver,39
,,,Passenger,23
,,,Pedestrian,43
,,,Pedestrian,48
,,,Pedestrian,14
,,,Driver,43
,,,Driver,33
,,,Driver,53
,,,Passenger,34
,,,Passenger,46
,,,Pedestrian,25
,,,Driver,7
,,,Driver,32
,,,Passenger,33
,,,Driver,47
,,,Passenger,49
,,,Driver,49
,,,Driver,55
,,,Driver,37
,,,Passenger,51
,,,Pedestrian,11
,,,Driver,63
,,,Driver,45
,,,Driver,51
,,,Passenger,15
,,,Passenger,54
,,,Driver,27
,,,Driver,23
,,,Driver,20
,,,Passenger,19
,,,Passenger,20
,,,Driver,21
,,,Driver,37
,,,Driver,48
,,,Driver,37
,,,Driver,47
,,,Driver,24
,,,Passenger,26
,,,Driver,26
,,,Driver,27
,,,Driver,39
,,,Passenger,22
,,,Driver,22
,,,Driver,12
,,,Pedestrian,18
,,,Pedestrian,8
,,,Driver,26
,,,Driver,34
,,,Passenger,78
,,,Passenger,53
,,,Passenger,30
,,,Passenger,44
,,,Passenger,71
,,,Passenger,42
,,,Passenger,62
,,,Passenger,43
,,,Driver,44
,,,Driver,30
,,,Driver,32
,,,Driver,51
,,,Driver,42
,,,Driver,44
,,,Passenger,15
,,,Passenger,15
,,,Driver,46
,,,Driver,80
,,,Driver,52
,,,Passenger,31
,,,Pedestrian,45
,,,Driver,49
,,,Passenger,83
,,,Driver,27
,,,Passenger,17
,,,Driver,32
,,,Driver,28
,,,Driver,30
,,,Driver,49
,,,Passenger,67
,,,Driver,25
,,,Pedestrian,24
,,,Driver,22
,,,Passenger,22
,,,Driver,74
,,,Driver,20
,,,Pedestrian,9
,,,Passenger,61
,,,Passenger,15
,,,Passenger,22
,,,Driver,53
,,,Passenger,16
,,,Driver,49
,,,Driver,30
,,,Passenger,18
,,,Passenger,23
,,,Driver,21
,,,Driver,37
,,,Passenger,23
,,,Passenger,22
,,,Passenger,21
,,,Passenger,19
,,,Passenger,24
,,,Passenger,14
,,,Driver,15
,,,Pedestrian,15
,,,Driver,89
,,,Pedestrian,15
,,,Pedestrian,13
,,,Driver,53
,,,Driver,40
,,,Driver,45
,,,Driver,38
,,,Driver,42
,,,Passenger,52
,,,Pedestrian,13
,,,Driver,31
,,,Driver,34
,,,Driver,44
,,,Driver,45
,,,Driver,28
,,,Passenger,55
,,,Pedestrian,26
,,,Driver,38
,,,Driver,37
,,,Driver,25
,,,Passenger,46
,,,Passenger,47
,,,Pedestrian,18
,,,Driver,19
,,,Driver,19
,,,Driver,26
,,,Passenger,27
,,,Passenger,22
,,,Passenger,22
,,,Passenger,17
,,,Pedestrian,30
,,,Driver,42
,,,Driver,31
,,,Driver,21
,,,Driver,11
,,,Driver,18
,,,Driver,52
,,,Driver,19
,,,Passenger,47
,,,Passenger,10
,,,Driver,43
,,,Driver,53
,,,Driver,51
,,,Passenger,6
,,,Driver,44
,,,Driver,15
,,,Driver,44
,,,Driver,38
,,,Passenger,38
,,,Passenger,26
,,,Driver,31
,,,Passenger,36
,,,Pedestrian,5
,,,Passenger,31
,,,Driver,52
,,,Driver,25
,,,Pedestrian,6
,,,Driver,30
,,,Driver,42
,,,Passenger,54
,,,Driver,59
,,,Pedestrian,12
,,,Driver,42
,,,Driver,49
,,,Driver,26
,,,Passenger,35
,,,Driver,25
,,,Pedestrian,38
,,,Pedestrian,3
,,,Driver,17
,,,Driver,44
,,,Driver,22
,,,Driver,28
,,,Driver,14
,,,Pedestrian,10
,,,Pedestrian,61
,,,Pedestrian,19
,,,Pedestrian,11
,,,Driver,51
,,,Driver,38
,,,Driver,36
,,,Driver,74
,,,Driver,58
,,,Passenger,70
,,,Passenger,58
,,,Driver,33
,,,Driver,33
,,,Driver,81
,,,Driver,30
,,,Passenger,60
,,,Passenger,29
,,,Driver,22
,,,Driver,21
,,,Pedestrian,20
,,,Driver,11
,,,Driver,44
,,,Driver,86
,,,Passenger,43
,,,Driver,24
,,,Driver,33
,,,Passenger,17
,,,Passenger,27
,,,Driver,34
,,,Pedestrian,17
,,,Driver,42
,,,Passenger,16
,,,Passenger,14
,,,Passenger,64
,,,Passenger,71
,,,Driver,26
,,,Driver,22
,,,Driver,30
,,,Driver,76
,,,Driver,73
,,,Passenger,75
,,,Driver,61
,,,Passenger,57
,,,Driver,21
,,,Pedestrian,51
,,,Driver,17
,,,Pedestrian,13
,,,Passenger,78
,,,Driver,16
,,,Driver,41
,,,Driver,46
,,,Driver,25
,,,Driver,40
,,,Driver,31
,,,Passenger,25
,,,Passenger,80
,,,Pedestrian,19
,,,Driver,19
,,,Pedestrian,30
,,,Pedestrian,19
,,,Driver,77
,,,Pedestrian,9
,,,Driver,51
,,,Pedestrian,24
,,,Pedestrian,23
,,,Driver,60
,,,Driver,22
,,,Passenger,49
,,,Passenger,44
,,,Driver,46
,,,Passenger,37
,,,Driver,26
,,,Driver,28
,,,Pedestrian,5
,,,Driver,41
,,,Passenger,50
,,,Passenger,26
,,,Driver,30
,,,Driver,50
,,,Driver,37
,,,Driver,31
,,,Passenger,16
,,,Passenger,16
,,,Pedestrian,4
,,,Driver,46
,,,Driver,18
,,,Driver,47
,,,Driver,51
,,,Driver,51
,,,Driver,29
,,,Driver,20
,,,Driver,20
,,,Passenger,16
,,,Passenger,21
,,,Passenger,17
,,,Driver,48
,,,Passenger,49
,,,Passenger,79
,,,Pedestrian,6
,,,Driver,31
,,,Driver,24
,,,Driver,29
,,,Driver,54
,,,Driver,20
,,,Passenger,26
,,,Passenger,20
,,,Passenger,17
,,,Passenger,17
,,,Passenger,28
,,,Driver,24
,,,Driver,83
,,,Passenger,4
,,,Passenger,19
,,,Passenger,83
,,,Driver,48
,,,Driver,77
,,,Driver,49
,,,Passenger,78
,,,Passenger,37
,,,Pedestrian,34
,,,Driver,26
,,,Driver,58
,,,Passenger,52
,,,Driver,64
,,,Driver,56
,,,Passenger,43
,,,Driver,43
,,,Driver,40
,,,Driver,21
,,,Pedestrian,18
,,,Passenger,46
,,,Passenger,6
,,,Driver,71
,,,Driver,30
,,,Passenger,69
,,,Driver,31
,,,Driver,54
,,,Driver,43
,,,Driver,18
,,,Pedestrian,4
,,,Driver,27
,,,Driver,28
,,,Pedestrian,15
,,,Passenger,48
,,,Driver,44
,,,Driver,43
,,,Passenger,12
,,,Passenger,79
,,,Driver,46
,,,Passenger,28
,,,Pedestrian,12
,,,Driver,43
,,,Passenger,64
,,,Driver,84
,,,Driver,41
,,,Passenger,7
,,,Passenger,3
,,,Driver,22
,,,Pedestrian,11
,,,Driver,46
,,,Driver,30
,,,Driver,24
,,,Driver,25
,,,Driver,19
,,,Driver,25
,,,Passenger,24
,,,Driver,39
,,,Passenger,30
,,,Pedestrian,11
,,,Driver,66
,,,Driver,44
,,,Passenger,39
,,,Passenger,17
,,,Driver,30
,,,Driver,43
,,,Driver,43
,,,Passenger,19
,,,Pedestrian,18
,,,Driver,79
,,,Passenger,20
,,,Passenger,20
,,,Passenger,26
,,,Passenger,23
,,,Driver,22
,,,Passenger,24
,,,Driver,25
,,,Driver,13
,,,Driver,12
,,,Driver,85
,,,Driver,28
,,,Driver,34
,,,Driver,45
,,,Passenger,40
,,,Driver,21
,,,Driver,35
,,,Driver,20
,,,Driver,22
,,,Passenger,19
,,,Passenger,21
,,,Driver,36
,,,Passenger,7
,,,Passenger,25
,,,Passenger,22
,,,Driver,18
,,,Driver,40
,,,Driver,40
,,,Pedestrian,23
,,,Driver,20
,,,Driver,44
,,,Passenger,50
,,,Driver,53
,,,Passenger,18
,,,Driver,46
,,,Driver,43
,,,Driver,24
,,,Pedestrian,16
,,,Driver,50
,,,Driver,57
,,,Driver,19
,,,Pedestrian,14
,,,Driver,32
,,,Driver,34
,,,Pedestrian,23
,,,Passenger,21
,,,Driver,38
,,,Driver,23
,,,Pedestrian,19
,,,Passenger,30
,,,Pedestrian,30
,,,Driver,19
,,,Passenger,29
,,,Passenger,60
,,,Driver,25
,,,Pedestrian,80
,,,Driver,39
,,,Passenger,70
,,,Driver,44
,,,Driver,58
,,,Driver,23
,,,Driver,48
,,,Driver,27
,,,Driver,36
,,,Pedestrian,34
,,,Pedestrian,43
,,,Passenger,45
,,,Driver,36
,,,Driver,24
,,,Pedestrian,21
,,,Driver,16
,,,Pedestrian,40
,,,Pedestrian,50
,,,Driver,25
,,,Passenger,20
,,,Driver,41
,,,Passenger,40
,,,Driver,41
,,,Driver,19
,,,Passenger,20
,,,Driver,36
,,,Driver,49
,,,Pedestrian,89
,,,Driver,18
,,,Passenger,18
,,,Driver,49
,,,Pedestrian,59
,,,Passenger,19
,,,Driver,55
,,,Driver,45
,,,Driver,35
,,,Driver,34
,,,Passenger,31
,,,Driver,46
,,,Driver,44
,,,Passenger,17
,,,Driver,32
,,,Driver,49
,,,Driver,61
,,,Driver,34
,,,Driver,24
,,,Driver,10
,,,Driver,86
,,,Driver,37
,,,Driver,69
,,,Pedestrian,12
,,,Pedestrian,11
,,,Driver,39
,,,Passenger,10
,,,Driver,35
,,,Driver,13
,,,Passenger,12
,,,Pedestrian,62
,,,Passenger,13
,,,Driver,28
,,,Driver,15
,,,Driver,33
,,,Driver,18
,,,Driver,31
,,,Driver,77
,,,Driver,43
,,,Driver,30
,,,Driver,43
,,,Driver,19
,,,Pedestrian,4
,,,Pedestrian,12
,,,Pedestrian,23
,,,Driver,51
,,,Pedestrian,35
,,,Driver,37
,,,Driver,43
,,,Passenger,15
,,,Passenger,12
,,,Passenger,39
,,,Passenger,52
,,,Driver,21
,,,Driver,48
,,,Passenger,16
,,,Passenger,10
,,,Passenger,8
,,,Passenger,80
,,,Driver,27
,,,Pedestrian,30
,,,Driver,83
,,,Passenger,88
,,,Driver,73
,,,Pedestrian,21
,,,Driver,25
,,,Driver,21
,,,Driver,63
,,,Driver,67
,,,Passenger,17
,,,Driver,24
,,,Driver,28
,,,Driver,64
,,,Passenger,61
,,,Driver,42
,,,Driver,18
,,,Passenger,17
,,,Passenger,17
,,,Passenger,20
,,,Driver,27
,,,Driver,57
,,,Driver,19
,,,Passenger,20
,,,Pedestrian,63
,,,Passenger,25
,,,Driver,46
,,,Driver,32
,,,Passenger,20
,,,Passenger,19
,,,Driver,33
,,,Driver,29
,,,Passenger,8
,,,Driver,29
,,,Passenger,20
,,,Driver,20
,,,Passenger,22
,,,Passenger,19
,,,Driver,26
,,,Driver,59
,,,Driver,29
,,,Passenger,41
,,,Driver,54
,,,Pedestrian,77
,,,Pedestrian,27
,,,Driver,34
,,,Driver,19
,,,Passenger,19
,,,Driver,39
,,,Passenger,40
,,,Passenger,24
,,,Passenger,21
,,,Driver,28
,,,Driver,72
,,,Passenger,45
,,,Pedestrian,23
,,,Driver,38
,,,Driver,20
,,,Passenger,26
,,,Passenger,14
,,,Driver,69
,,,Driver,39
,,,Driver,27
,,,Driver,25
,,,Driver,29
,,,Driver,30
,,,Pedestrian,22
,,,Pedestrian,23
,,,Driver,22
,,,Passenger,51
,,,Driver,53
,,,Passenger,25
,,,Driver,64
,,,Driver,30
,,,Driver,30
,,,Driver,15
,,,Driver,22
,,,Driver,63
,,,Passenger,29
,,,Driver,32
,,,Driver,45
,,,Driver,18
,,,Pedestrian,72
,,,Driver,67
,,,Driver,46
,,,Pedestrian,25
,,,Driver,36
,,,Passenger,58
,,,Driver,19
,,,Driver,47
,,,Driver,58
,,,Driver,20
,,,Passenger,16
,,,Pedestrian,12
,,,Passenger,81
,,,Pedestrian,13
,,,Passenger,45
,,,Driver,17
,,,Driver,47
,,,Driver,59
,,,Driver,29
,,,Driver,35
,,,Driver,66
,,,Driver,45
,,,Driver,58
,,,Driver,25
,,,Pedestrian,54
,,,Passenger,89
,,,Driver,44
,,,Driver,29
,,,Driver,19
,,,Driver,23
,,,Driver,32
,,,Driver,26
,,,Passenger,29
,,,Driver,75
,,,Passenger,75
,,,Pedestrian,62
,,,Driver,46
,,,Driver,54
,,,Driver,20
,,,Driver,31
,,,Driver,41
,,,Driver,61
,,,Driver,50
,,,Driver,38
,,,Driver,48
,,,Passenger,20
,,,Driver,15
,,,Driver,40
,,,Driver,27
,,,Pedestrian,25
,,,Driver,18
,,,Passenger,52
,,,Pedestrian,12
,,,Pedestrian,36
,,,Driver,51
,,,Pedestrian,11
,,,Driver,43
,,,Pedestrian,19
,,,Pedestrian,19
,,,Passenger,20
,,,Passenger,22
,,,Passenger,32
,,,Pedestrian,12
,,,Driver,38
,,,Pedestrian,11
,,,Passenger,64
,,,Driver,47
,,,Driver,30
,,,Passenger,70
,,,Passenger,73
,,,Passenger,17
,,,Passenger,16
,,,Passenger,18
,,,Passenger,17
,,,Driver,24
,,,Driver,21
,,,Driver,24
,,,Passenger,57
,,,Driver,29
,,,Pedestrian,36
,,,Driver,29
,,,Driver,61
,,,Driver,43
,,,Driver,27
,,,Driver,26
,,,Passenger,22
,,,Passenger,10
,,,Driver,43
,,,Driver,46
,,,Driver,29
,,,Driver,49
,,,Driver,41
,,,Pedestrian,44
,,,Driver,57
,,,Driver,50
,,,Passenger,1
,,,Pedestrian,75
,,,Driver,18
,,,Driver,41
,,,Driver,44
,,,Driver,26
,,,Driver,53
,,,Driver,60
,,,Passenger,63
,,,Driver,53
,,,Pedestrian,18
,,,Driver,21
,,,Pedestrian,22
,,,Driver,45
,,,Pedestrian,39
,,,Passenger,20
,,,Driver,46
,,,Driver,39
,,,Passenger,13
,,,Driver,22
,,,Driver,30
,,,Driver,25
,,,Passenger,38
,,,Passenger,24
,,,Passenger,19
,,,Driver,27
,,,Driver,19
,,,Driver,41
,,,Driver,39
,,,Pedestrian,72
,,,Pedestrian,16
,,,Passenger,36
,,,Driver,24
,,,Pedestrian,70
,,,Driver,41
,,,Driver,15
,,,Driver,27
,,,Driver,73
,,,Passenger,70
,,,Driver,32
,,,Driver,28
,,,Driver,49
,,,Driver,62
,,,Passenger,61
,,,Driver,23
,,,Driver,37
,,,Driver,32
,,,Driver,57
,,,Driver,43
,,,Driver,21
,,,Passenger,53
,,,Driver,38
,,,Passenger,30
,,,Driver,36
,,,Passenger,22
,,,Pedestrian,13
,,,Driver,50
,,,Passenger,61
,,,Driver,36
,,,Driver,71
,,,Driver,45
,,,Driver,19
,,,Driver,23
,,,Driver,33
,,,Passenger,16
,,,Passenger,10
,,,Driver,30
,,,Driver,26
,,,Passenger,24
,,,Passenger,23
,,,Passenger,17
,,,Passenger,39
,,,Driver,44
,,,Driver,26
,,,Pedestrian,21
,,,Driver,72
,,,Driver,41
,,,Driver,39
,,,Passenger,5
,,,Driver,38
,,,Driver,29
,,,Driver,38
,,,Driver,41
,,,Driver,53
,,,Pedestrian,17
,,,Passenger,25
,,,Driver,28
,,,Driver,69
,,,Driver,72
,,,Passenger,59
,,,Pedestrian,42
,,,Pedestrian,57
,,,Passenger,35
,,,Passenger,26
,,,Driver,30
,,,Driver,24
,,,Driver,24
,,,Passenger,3
,,,Driver,20
,,,Driver,20
,,,Driver,29
,,,Passenger,39
,,,Pedestrian,53
,,,Pedestrian,15
,,,Passenger,71
,,,Pedestrian,79
,,,Driver,32
,,,Passenger,51
,,,Passenger,31
,,,Driver,48
,,,Passenger,29
,,,Pedestrian,23
,,,Pedestrian,51
,,,Driver,34
,,,Driver,48
,,,Pedestrian,29
,,,Driver,20
,,,Driver,48
,,,Driver,52
,,,Driver,28
,,,Driver,26
,,,Passenger,24
,,,Passenger,4
,,,Driver,61
,,,Driver,37
,,,Passenger,58
,,,Passenger,38
,,,Passenger,21
,,,Pedestrian,37
,,,Driver,45
,,,Driver,61
,,,Driver,37
,,,Pedestrian,21
,,,Driver,24
,,,Driver,36
,,,Passenger,58
,,,Driver,35
,,,Passenger,33
,,,Driver,32
,,,Driver,19
,,,Driver,28
,,,Driver,37
,,,Pedestrian,25
,,,Driver,24
,,,Pedestrian,23
,,,Driver,32
,,,Passenger,84
,,,Passenger,20
,,,Driver,50
,,,Driver,33
,,,Driver,39
,,,Driver,47
,,,Driver,31
,,,Driver,17
,,,Passenger,18
,,,Driver,23
,,,Pedestrian,61
,,,Driver,41
,,,Driver,57
,,,Pedestrian,57
,,,Driver,28
,,,Passenger,48
,,,Passenger,28
,,,Driver,25
,,,Driver,30
,,,Driver,34
,,,Driver,58
,,,Pedestrian,13
,,,Driver,50
,,,Pedestrian,21
,,,Driver,40
,,,Passenger,20
,,,Passenger,19
,,,Passenger,22
,,,Driver,64
,,,Driver,24
,,,Passenger,46
,,,Driver,25
,,,Passenger,83
,,,Driver,65
,,,Driver,47
,,,Driver,31
,,,Passenger,18
,,,Driver,28
,,,Passenger,27
,,,Driver,26
,,,Driver,25
,,,Passenger,24
,,,Passenger,34
,,,Passenger,20
,,,Driver,32
,,,Driver,22
,,,Driver,68
,,,Driver,38
,,,Passenger,21
,,,Passenger,24
,,,Pedestrian,18
,,,Pedestrian,19
,,,Passenger,39
,,,Pedestrian,28
,,,Driver,40
,,,Driver,40
,,,Driver,35
,,,Pedestrian,43
,,,Driver,18
,,,Driver,24
,,,Driver,61
,,,Passenger,28
,,,Pedestrian,33
,,,Driver,75
,,,Driver,29
,,,Driver,30
,,,Passenger,6
,,,Passenger,76
,,,Driver,33
,,,Driver,26
,,,Driver,42
,,,Passenger,29
,,,Pedestrian,35
,,,Driver,55
,,,Passenger,17
,,,Pedestrian,3
,,,Driver,39
,,,Driver,26
,,,Driver,75
,,,Pedestrian,56
,,,Driver,21
,,,Passenger,19
,,,Pedestrian,6
,,,Driver,30
,,,Driver,42
,,,Pedestrian,22
,,,Pedestrian,20
,,,Driver,40
,,,Passenger,43
,,,Pedestrian,25
,,,Pedestrian,16
,,,Pedestrian,24
,,,Driver,58
,,,Passenger,84
