ROAD WORK ID,FROM_DATE,TO_DATE,STREET_ADDRESS,Local Authority Reference,Works Status
RC1,2020-01-06T00:00:00.000Z,2020-03-09T00:00:00.000Z,1715 DIXIE HWY,LA00422401,WORKS ABANDONED
RC2,2020-02-24T00:00:00.000Z,2020-04-20T00:00:00.000Z,729 W EVELYN AVE,LA00437737,PROPOSED WORKS
RC3,2020-01-13T00:00:00.000Z,2020-03-09T00:00:00.000Z,2139 DIXIE HWY,LA00434908,PROPOSED WORKS
RC4,2020-01-13T00:00:00.000Z,2020-03-09T00:00:00.000Z,1112 ZANE ST,LA00434470,PROPOSED WORKS
RC5,2020-01-13T00:00:00.000Z,2020-03-09T00:00:00.000Z,508 DAVIES AVE,LA00425158,PROPOSED WORKS
RC6,2020-01-13T00:00:00.000Z,2020-03-09T00:00:00.000Z,1464 S 9TH ST,LA00429090,PROPOSED WORKS
RC7,2020-01-13T00:00:00.000Z,2020-03-09T00:00:00.000Z,1620 S 7TH ST,LA00431608,PROPOSED WORKS
RC8,2020-02-24T00:00:00.000Z,2020-04-20T00:00:00.000Z,434 W JEFFERSON ST,LA00432748,PROPOSED WORKS
RC9,2020-02-26T00:00:00.000Z,2020-03-25T00:00:00.000Z,903 W MAGNOLIA AVE,LA00436259,PROPOSED WORKS
RC10,2020-01-13T00:00:00.000Z,2020-03-09T00:00:00.000Z,1103 W HILL ST,LA00428657,PROPOSED WORKS
RC11,2020-01-13T00:00:00.000Z,2020-03-09T00:00:00.000Z,1228 QUALITY CHOICE PL,LA00396596,IN PROGRESS
RC12,2020-02-24T00:00:00.000Z,2020-04-20T00:00:00.000Z,313 S 4TH ST,LA00435414,PROPOSED WORKS
RC13,2020-01-13T00:00:00.000Z,2020-03-01T00:00:00.000Z,200 S 7TH ST,LA00427405,PROPOSED WORKS
RC14,2020-01-13T00:00:00.000Z,2020-03-09T00:00:00.000Z,1516 S 12TH ST Unit A,LA00423616,PROPOSED WORKS
RC15,2020-02-24T00:00:00.000Z,2020-04-20T00:00:00.000Z,527 W JEFFERSON ST,LA00434861,PROPOSED WORKS
RC16,2020-02-01T00:00:00.000Z,2020-03-31T00:00:00.000Z,2737 HELM ST,LA00435434,PROPOSED WORKS
RC17,2020-02-01T00:00:00.000Z,2020-03-01T00:00:00.000Z,221 S 4TH ST,LA00428981,PROPOSED WORKS
RC18,2020-02-26T00:00:00.000Z,2020-03-25T00:00:00.000Z,139 CABEL ST,LA00399369,WORKS ABANDONED
RC19,2020-02-26T00:00:00.000Z,2020-03-25T00:00:00.000Z,1668 RICHMOND DR,LA00437545,PROPOSED WORKS
RC20,2020-02-24T00:00:00.000Z,2020-04-20T00:00:00.000Z,416 W JEFFERSON ST,LA00434084,PROPOSED WORKS
RC21,2020-02-20T00:00:00.000Z,2020-03-26T00:00:00.000Z,706 BARRET AVE,LA00417447,PROPOSED WORKS
RC22,2020-02-17T00:00:00.000Z,2020-03-27T00:00:00.000Z,201 S 4TH ST,LA00429060,PROPOSED WORKS
RC23,2020-02-17T00:00:00.000Z,2020-03-16T00:00:00.000Z,420 LONG RUN RD,LA00430406,IN PROGRESS
RC24,2020-02-24T00:00:00.000Z,2020-04-20T00:00:00.000Z,280 W JEFFERSON ST,LA00378171,PROPOSED WORKS
RC25,2020-01-27T00:00:00.000Z,2020-04-24T00:00:00.000Z,5411 REGENT WAY,LA00397644,PROPOSED WORKS
RC26,2020-01-24T00:00:00.000Z,2020-04-27T00:00:00.000Z,8212 KIMBERLY WAY,LA00381737,PROPOSED WORKS
RC27,2020-01-27T00:00:00.000Z,2020-04-27T00:00:00.000Z,2800 S FLOYD ST,LA00426293,PROPOSED WORKS
RC28,2020-01-27T00:00:00.000Z,2020-04-27T00:00:00.000Z,200 E WASHINGTON ST,LA00429651,PROPOSED WORKS
RC29,2020-02-18T00:00:00.000Z,2020-04-27T00:00:00.000Z,1121 PHILLIPS LN,LA00437100,PROPOSED WORKS
RC30,2020-01-21T00:00:00.000Z,2020-04-28T00:00:00.000Z,300 W LIBERTY ST,LA00436199,PROPOSED WORKS
RC31,2020-01-28T00:00:00.000Z,2020-04-28T00:00:00.000Z,100 E LIBERTY ST,LA00436669,PROPOSED WORKS
RC32,2020-01-01T00:00:00.000Z,2020-04-30T00:00:00.000Z,1200 ROWAN ST,LA00436489,PROPOSED WORKS
RC33,2020-01-14T00:00:00.000Z,2020-04-30T00:00:00.000Z,200 DERBY AVE,LA00434102,PROPOSED WORKS
RC34,2020-01-14T00:00:00.000Z,2020-04-30T00:00:00.000Z,211 DERBY AVE,LA00437600,PROPOSED WORKS
RC35,2020-01-14T00:00:00.000Z,2020-04-30T00:00:00.000Z,213 BONNIE LN,LA00434694,PROPOSED WORKS
RC36,2020-01-14T00:00:00.000Z,2020-04-30T00:00:00.000Z,211 ALPHA AVE,LA00394973,PROPOSED WORKS
RC37,2020-01-14T00:00:00.000Z,2020-04-30T00:00:00.000Z,209 DERBY AVE,LA00436515,PROPOSED WORKS
RC38,2020-01-14T00:00:00.000Z,2020-04-30T00:00:00.000Z,232 W MUHAMMAD ALI BLVD,LA00416663,PROPOSED WORKS
RC39,2020-02-06T00:00:00.000Z,2020-04-30T00:00:00.000Z,337 E ST CATHERINE ST,LA00437064,PROPOSED WORKS
RC40,2020-01-13T00:00:00.000Z,2020-03-09T00:00:00.000Z,1112 W ST CATHERINE ST,LA00435757,PROPOSED WORKS
RC41,2020-02-14T00:00:00.000Z,2020-03-01T00:00:00.000Z,221 S 4TH ST,LA00432754,PROPOSED WORKS
RC42,2020-02-03T00:00:00.000Z,2020-03-31T00:00:00.000Z,2700 CRITTENDEN DR,LA00414179,PROPOSED WORKS
RC43,2020-02-06T00:00:00.000Z,2020-04-30T00:00:00.000Z,1021 S FLOYD ST,LA00420783,PROPOSED WORKS
RC44,2020-02-12T00:00:00.000Z,2020-04-30T00:00:00.000Z,307 W WOODLAWN AVE,LA00437054,PROPOSED WORKS
RC45,2020-02-12T00:00:00.000Z,2020-04-30T00:00:00.000Z,4642 BELLEVUE AVE,LA00408153,PROPOSED WORKS
RC46,2020-02-12T00:00:00.000Z,2020-04-30T00:00:00.000Z,4901 PEACHTREE AVE,LA00421969,IN PROGRESS
RC47,2020-02-12T00:00:00.000Z,2020-04-30T00:00:00.000Z,3237 W BROADWAY,LA00430497,PROPOSED WORKS
RC48,2020-02-12T00:00:00.000Z,2020-04-30T00:00:00.000Z,4541 S 3RD ST,LA00424578,PROPOSED WORKS
RC49,2020-02-17T00:00:00.000Z,2020-04-30T00:00:00.000Z,2730 LEXINGTON RD,LA00434097,PROPOSED WORKS
RC50,2020-02-18T00:00:00.000Z,2020-04-30T00:00:00.000Z,3722 7TH STREET RD,LA00428725,PROPOSED WORKS
RC51,2020-02-21T00:00:00.000Z,2020-03-27T00:00:00.000Z,1412 TUCKER STATION RD,LA00437808,PROPOSED WORKS
RC52,2020-02-17T00:00:00.000Z,2020-03-16T00:00:00.000Z,1427 S CLAY ST,LA00436501,PROPOSED WORKS
RC53,2020-02-18T00:00:00.000Z,2020-04-30T00:00:00.000Z,1742 BERRY BLVD,LA00433597,PROPOSED WORKS
RC54,2020-02-18T00:00:00.000Z,2020-04-30T00:00:00.000Z,1742 BERRY BLVD,LA00434086,PROPOSED WORKS
RC55,2020-02-18T00:00:00.000Z,2020-04-30T00:00:00.000Z,1733 BROWNSBORO RD,LA00436423,PROPOSED WORKS
RC56,2019-12-02T00:00:00.000Z,2020-04-30T00:00:00.000Z,123 N 11TH ST,LA00432628,PROPOSED WORKS
RC57,2020-02-12T00:00:00.000Z,2020-05-15T00:00:00.000Z,2532 W BROADWAY,LA00436663,PROPOSED WORKS
RC58,2020-02-12T00:00:00.000Z,2020-05-15T00:00:00.000Z,865 S 26TH ST,LA00352027,PROPOSED WORKS
RC59,2020-02-18T00:00:00.000Z,2020-05-15T00:00:00.000Z,3237 W BROADWAY,LA00398973,PROPOSED WORKS
RC60,2020-02-18T00:00:00.000Z,2020-05-15T00:00:00.000Z,3237 W BROADWAY,LA00437241,WORKS ABANDONED
RC61,2020-02-21T00:00:00.000Z,2020-05-15T00:00:00.000Z,810 N ENGLISH STATION RD,LA00432529,PROPOSED WORKS
RC62,2020-02-26T00:00:00.000Z,2020-05-15T00:00:00.000Z,2600 STANLEY GAULT PKY Unit 101,LA00435588,PROPOSED WORKS
RC63,2020-02-18T00:00:00.000Z,2020-05-18T00:00:00.000Z,4538 S 3RD ST,LA00429505,PROPOSED WORKS
RC64,2019-12-11T00:00:00.000Z,2020-05-31T00:00:00.000Z,1800 BROWNSBORO RD,LA00436461,PROPOSED WORKS
RC65,2020-02-24T00:00:00.000Z,2020-06-24T00:00:00.000Z,12911 FACTORY LN,LA00432543,PROPOSED WORKS
RC66,2019-02-01T00:00:00.000Z,2020-06-30T00:00:00.000Z,309 W BRANDEIS AVE,LA00434692,PROPOSED WORKS
RC67,2020-01-20T00:00:00.000Z,2020-08-31T00:00:00.000Z,3808 HILLCROSS DR,LA00375752,PROPOSED WORKS
RC68,2020-01-20T00:00:00.000Z,2020-08-31T00:00:00.000Z,4100 MUD LN,LA00397638,PROPOSED WORKS
RC69,2019-12-30T00:00:00.000Z,2020-12-31T00:00:00.000Z,3800 CRITTENDEN DR,LA00430828,PROPOSED WORKS
RC70,2020-02-03T00:00:00.000Z,2020-03-31T00:00:00.000Z,601 W Jefferson ST,LA00433110,PROPOSED WORKS
RC71,2020-02-03T00:00:00.000Z,2020-03-31T00:00:00.000Z,704 BARRET AVE,LA00434505,PROPOSED WORKS
RC72,2020-02-14T00:00:00.000Z,2020-03-31T00:00:00.000Z,1414 S 7TH ST,LA00435470,PROPOSED WORKS
RC73,2020-02-14T00:00:00.000Z,2020-03-31T00:00:00.000Z,812 W MAGNOLIA AVE,LA00437506,PROPOSED WORKS
RC74,2020-02-16T00:00:00.000Z,2020-03-31T00:00:00.000Z,718 S 4TH ST,LA00435468,PROPOSED WORKS
RC75,2020-02-17T00:00:00.000Z,2020-03-31T00:00:00.000Z,615 W BRECKINRIDGE ST,LA00428090,PROPOSED WORKS
RC76,2020-02-10T00:00:00.000Z,2020-03-09T00:00:00.000Z,2229 PIRTLE ST,LA00437558,PROPOSED WORKS
RC77,2020-02-18T00:00:00.000Z,2020-03-31T00:00:00.000Z,211 W HILL ST Unit 1,LA00437395,PROPOSED WORKS
RC78,2020-02-20T00:00:00.000Z,2020-03-31T00:00:00.000Z,207 W BROADWAY,LA00420768,WORKS ABANDONED
RC79,2020-02-21T00:00:00.000Z,2020-03-31T00:00:00.000Z,8406 HUDSON LN,LA00436516,PROPOSED WORKS
RC80,2020-02-21T00:00:00.000Z,2020-03-31T00:00:00.000Z,1248 E BROADWAY,LA00434599,PROPOSED WORKS
RC81,2020-01-02T00:00:00.000Z,2020-03-31T00:00:00.000Z,500 E JEFFERSON ST Unit 101,LA00430492,IN PROGRESS
RC82,2019-10-07T00:00:00.000Z,2020-03-31T00:00:00.000Z,200 N SHELBY ST,LA00435443,PROPOSED WORKS
RC83,2019-10-07T00:00:00.000Z,2020-03-31T00:00:00.000Z,270 N CAMPBELL ST,LA00433430,PROPOSED WORKS
RC84,2020-01-06T00:00:00.000Z,2020-03-02T00:00:00.000Z,14318 OLD HENRY RD,LA00413134,PROPOSED WORKS
RC85,2020-02-17T00:00:00.000Z,2020-03-16T00:00:00.000Z,1651 DIXDALE AVE,LA00428980,PROPOSED WORKS
RC86,2019-12-11T00:00:00.000Z,2020-03-31T00:00:00.000Z,901 W MAGNOLIA AVE,LA00434504,PROPOSED WORKS
RC87,2019-12-26T00:00:00.000Z,2020-03-31T00:00:00.000Z,218 W MUHAMMAD ALI BLVD,LA00418621,PROPOSED PERMANENT
RC88,2019-12-31T00:00:00.000Z,2020-03-31T00:00:00.000Z,100 W MARKET ST,LA00436076,PROPOSED WORKS
RC89,2020-02-03T00:00:00.000Z,2020-04-01T00:00:00.000Z,731 W WASHINGTON ST,LA00389863,WORKS ABANDONED
RC90,2020-02-19T00:00:00.000Z,2020-04-01T00:00:00.000Z,101 W MUHAMMAD ALI BLVD,LA00437073,PROPOSED WORKS
RC91,2020-01-13T00:00:00.000Z,2020-04-03T00:00:00.000Z,222 S 4TH ST,LA00428116,PROPOSED WORKS
RC92,2020-02-03T00:00:00.000Z,2020-04-03T00:00:00.000Z,300 S 1ST ST,LA00420758,PROPOSED WORKS
RC93,2020-02-03T00:00:00.000Z,2020-04-03T00:00:00.000Z,100 N 6TH ST,LA00428063,PROPOSED WORKS
RC94,2020-02-03T00:00:00.000Z,2020-04-03T00:00:00.000Z,615 W SHIPP AVE,LA00434057,PROPOSED WORKS
RC95,2020-02-03T00:00:00.000Z,2020-04-03T00:00:00.000Z,701 W JEFFERSON ST,LA00437546,PROPOSED WORKS
RC96,2020-02-03T00:00:00.000Z,2020-04-03T00:00:00.000Z,100 W BROADWAY,LA00436014,PROPOSED WORKS
RC97,2020-02-03T00:00:00.000Z,2020-04-03T00:00:00.000Z,8010 CHRISTIAN CT,LA00434001,PROPOSED WORKS
RC98,2020-02-03T00:00:00.000Z,2020-04-03T00:00:00.000Z,1334 S 3RD ST,LA00431405,PROPOSED WORKS
RC99,2020-02-03T00:00:00.000Z,2020-04-03T00:00:00.000Z,600 W MARKET ST,LA00432212,PROPOSED WORKS
RC100,2020-02-12T00:00:00.000Z,2020-03-29T00:00:00.000Z,1311 S SHELBY ST,LA00433645,PROPOSED WORKS
RC101,2020-02-03T00:00:00.000Z,2020-04-03T00:00:00.000Z,100 E LIBERTY ST,LA00339263,PROPOSED WORKS
RC102,2020-02-03T00:00:00.000Z,2020-04-03T00:00:00.000Z,117 W LIBERTY ST,LA00428166,WORKS ABANDONED
RC103,2020-02-03T00:00:00.000Z,2020-04-03T00:00:00.000Z,124 E LIBERTY ST,LA00437666,PROPOSED WORKS
RC104,2020-02-03T00:00:00.000Z,2020-04-03T00:00:00.000Z,140 S 4TH ST,LA00434609,PROPOSED WORKS
RC105,2020-02-10T00:00:00.000Z,2020-04-06T00:00:00.000Z,133 W LIBERTY ST,LA00436569,PROPOSED WORKS
RC106,2020-02-10T00:00:00.000Z,2020-04-06T00:00:00.000Z,200 ABRAHAM FLEXNER WAY,LA00431725,PROPOSED WORKS
RC107,2020-02-24T00:00:00.000Z,2020-04-06T00:00:00.000Z,12500 SYCAMORE STATION PL,LA00433621,PROPOSED WORKS
RC108,2020-02-24T00:00:00.000Z,2020-04-06T00:00:00.000Z,1552 KNIGHT RD,LA00434898,PROPOSED WORKS
RC109,2020-02-24T00:00:00.000Z,2020-04-06T00:00:00.000Z,1500 OLEANDA CT,LA00436018,PROPOSED WORKS
RC110,2020-02-24T00:00:00.000Z,2020-04-06T00:00:00.000Z,3202 GOOSE CREEK RD,LA00436498,PROPOSED WORKS
RC111,2020-02-24T00:00:00.000Z,2020-04-06T00:00:00.000Z,10119 WHIPPS MILL RD,LA00436378,PROPOSED WORKS
RC112,2020-02-26T00:00:00.000Z,2020-04-08T00:00:00.000Z,416 W JEFFERSON ST,LA00429797,PROPOSED WORKS
RC113,2020-02-17T00:00:00.000Z,2020-04-10T00:00:00.000Z,140 N 4TH ST,LA00426886,IN PROGRESS
RC114,2020-02-07T00:00:00.000Z,2020-04-11T00:00:00.000Z,1024 E MAIN ST,LA00436369,PROPOSED WORKS
RC115,2020-02-10T00:00:00.000Z,2020-04-11T00:00:00.000Z,540 S 4TH ST,LA00433114,PROPOSED WORKS
RC116,2020-02-18T00:00:00.000Z,2020-04-11T00:00:00.000Z,3441 TAYLOR BLVD,LA00422005,IN PROGRESS
RC117,2020-02-21T00:00:00.000Z,2020-04-11T00:00:00.000Z,418 PINE ST,LA00435233,PROPOSED WORKS
RC118,2020-02-17T00:00:00.000Z,2020-04-13T00:00:00.000Z,2015 GARDINER LN,LA00427955,IN PROGRESS
RC119,2020-02-07T00:00:00.000Z,2020-04-15T00:00:00.000Z,1238 HULL ST,LA00432049,PROPOSED WORKS
RC120,2020-02-19T00:00:00.000Z,2020-04-15T00:00:00.000Z,400 S 4TH ST Unit 160,LA00434860,PROPOSED WORKS
RC121,2020-02-24T00:00:00.000Z,2020-04-20T00:00:00.000Z,280 W JEFFERSON ST,LA00429280,PROPOSED WORKS
RC122,2020-02-24T00:00:00.000Z,2020-04-20T00:00:00.000Z,931 DRESDEN AVE,LA00435672,PROPOSED WORKS
RC123,2020-02-12T00:00:00.000Z,2020-03-29T00:00:00.000Z,1227 S 12TH ST,LA00428951,PROPOSED WORKS
RC124,2020-02-12T00:00:00.000Z,2020-03-29T00:00:00.000Z,1335 S 13TH ST,LA00421047,PROPOSED WORKS
RC125,2020-02-12T00:00:00.000Z,2020-03-29T00:00:00.000Z,654 S 7TH ST,LA00435593,PROPOSED WORKS
RC126,2020-01-01T00:00:00.000Z,2020-03-30T00:00:00.000Z,150 S 3RD ST,LA00436758,PROPOSED WORKS
RC127,2020-01-01T00:00:00.000Z,2020-03-30T00:00:00.000Z,120 S 8TH ST,LA00437542,PROPOSED WORKS
RC128,2020-01-01T00:00:00.000Z,2020-03-30T00:00:00.000Z,201 S 4TH ST,LA00378173,PROPOSED WORKS
RC129,2020-01-01T00:00:00.000Z,2020-03-30T00:00:00.000Z,738 S 4TH ST,LA00425424,PROPOSED WORKS
RC130,2020-01-01T00:00:00.000Z,2020-03-30T00:00:00.000Z,320 W JEFFERSON ST,LA00427550,PROPOSED WORKS
RC131,2020-01-01T00:00:00.000Z,2020-03-30T00:00:00.000Z,416 W JEFFERSON ST,LA00435665,PROPOSED WORKS
RC132,2020-02-03T00:00:00.000Z,2020-03-30T00:00:00.000Z,100 E JEFFERSON ST,LA00388855,PROPOSED WORKS
RC133,2020-02-03T00:00:00.000Z,2020-03-30T00:00:00.000Z,845 S 9TH ST,LA00434598,PROPOSED WORKS
RC134,2020-02-03T00:00:00.000Z,2020-03-30T00:00:00.000Z,812 LAMPTON ST,LA00436362,PROPOSED WORKS
RC135,2020-02-03T00:00:00.000Z,2020-03-30T00:00:00.000Z,600 W MARKET ST,LA00434601,PROPOSED WORKS
RC136,2020-02-03T00:00:00.000Z,2020-03-30T00:00:00.000Z,2317 HOWARD ST,LA00437460,PROPOSED WORKS
RC137,2020-02-03T00:00:00.000Z,2020-03-30T00:00:00.000Z,1424 W KENTUCKY ST,LA00437338,PROPOSED WORKS
RC138,2020-02-17T00:00:00.000Z,2020-03-30T00:00:00.000Z,8715 OLD BARDSTOWN RD,LA00433595,PROPOSED WORKS
RC139,2020-02-17T00:00:00.000Z,2020-03-30T00:00:00.000Z,615 m ST,LA00435419,PROPOSED WORKS
RC140,2020-02-24T00:00:00.000Z,2020-03-30T00:00:00.000Z,100 W BROADWAY,LA00430483,PROPOSED WORKS
RC141,2020-02-24T00:00:00.000Z,2020-03-30T00:00:00.000Z,3333 RADIANCE RD,LA00437099,PROPOSED WORKS
RC142,2020-02-24T00:00:00.000Z,2020-03-30T00:00:00.000Z,3646 JOHNSTON WAY,LA00436082,PROPOSED WORKS
RC143,2020-02-24T00:00:00.000Z,2020-03-30T00:00:00.000Z,3306 NOE WAY,LA00437810,PROPOSED WORKS
RC144,2020-02-24T00:00:00.000Z,2020-03-30T00:00:00.000Z,3647 STANTON BLVD,LA00403232,PROPOSED WORKS
RC145,2020-02-24T00:00:00.000Z,2020-03-30T00:00:00.000Z,3048 RADIANCE RD,LA00425779,PROPOSED WORKS
RC146,2019-12-30T00:00:00.000Z,2020-03-30T00:00:00.000Z,226 S 1ST ST,LA00436312,PROPOSED WORKS
RC147,2019-12-30T00:00:00.000Z,2020-03-30T00:00:00.000Z,100 E LIBERTY ST,LA00429903,PROPOSED WORKS
RC148,2019-12-30T00:00:00.000Z,2020-03-30T00:00:00.000Z,627 S 1ST ST,LA00436047,WORKS ABANDONED
RC149,2019-12-30T00:00:00.000Z,2020-03-30T00:00:00.000Z,100 E LIBERTY ST,LA00435758,PROPOSED WORKS
RC150,2020-01-01T00:00:00.000Z,2020-03-31T00:00:00.000Z,635 INDUSTRY RD,LA00378143,PROPOSED WORKS
RC151,2020-01-01T00:00:00.000Z,2020-03-31T00:00:00.000Z,215 CENTRAL AVE,LA00435762,PROPOSED WORKS
RC152,2020-01-01T00:00:00.000Z,2020-03-31T00:00:00.000Z,2400 S 4TH ST Unit 1007,LA00431200,PROPOSED WORKS
RC153,2020-01-02T00:00:00.000Z,2020-03-31T00:00:00.000Z,1630 FRANKFORT AVE,LA00436644,PROPOSED WORKS
RC154,2020-01-02T00:00:00.000Z,2020-03-31T00:00:00.000Z,2432 GLENMARY AVE Unit A1,LA00368697,PROPOSED WORKS
RC155,2020-01-02T00:00:00.000Z,2020-03-31T00:00:00.000Z,100 W CHESTNUT ST,LA00367417,PROPOSED WORKS
RC156,2020-01-06T00:00:00.000Z,2020-03-31T00:00:00.000Z,1047 FRANKLIN ST,LA00436012,PROPOSED WORKS
RC157,2020-01-07T00:00:00.000Z,2020-03-31T00:00:00.000Z,9004 CHERRIVILLE RD,LA00434096,PROPOSED WORKS
RC158,2020-01-08T00:00:00.000Z,2020-03-31T00:00:00.000Z,912 LOUIS COLEMAN JR DR,LA00420045,PROPOSED WORKS
RC159,2020-01-09T00:00:00.000Z,2020-03-31T00:00:00.000Z,2131 S 41ST ST,LA00437555,PROPOSED WORKS
RC160,2020-01-09T00:00:00.000Z,2020-03-31T00:00:00.000Z,4011 ALGONQUIN PKY,LA00432891,PROPOSED WORKS
RC161,2020-01-13T00:00:00.000Z,2020-03-31T00:00:00.000Z,332 E OAK ST,LA00437333,PROPOSED WORKS
RC162,2020-01-20T00:00:00.000Z,2020-03-31T00:00:00.000Z,709 VINE ST,LA00434260,PROPOSED WORKS
RC163,2020-01-20T00:00:00.000Z,2020-03-31T00:00:00.000Z,2737 HELM ST,LA00432889,PROPOSED WORKS
RC164,2020-01-22T00:00:00.000Z,2020-03-31T00:00:00.000Z,1201 DURRETT LN,LA00437622,PROPOSED WORKS
RC165,2020-01-22T00:00:00.000Z,2020-03-31T00:00:00.000Z,901 GOSS AVE,LA00437574,WORKS ABANDONED
RC166,2020-01-23T00:00:00.000Z,2020-03-31T00:00:00.000Z,4816 PRESTON HWY,LA00431385,PROPOSED WORKS
RC167,2020-02-10T00:00:00.000Z,2020-03-09T00:00:00.000Z,7909 BARBOUR MANOR DR,LA00434937,PROPOSED WORKS
RC168,2020-02-17T00:00:00.000Z,2020-03-20T00:00:00.000Z,8516 PENNSYLVANIA RUN RD,LA00429088,PROPOSED WORKS
RC169,2020-01-06T00:00:00.000Z,2020-03-02T00:00:00.000Z,14805 OLD HENRY RD,LA00436293,PROPOSED WORKS
RC170,2020-02-10T00:00:00.000Z,2020-03-09T00:00:00.000Z,715 BROOKLINE AVE,LA00418369,PROPOSED WORKS
RC171,2020-02-11T00:00:00.000Z,2020-03-10T00:00:00.000Z,226 S 1ST ST,LA00434523,WORKS ABANDONED
RC172,2020-01-06T00:00:00.000Z,2020-03-02T00:00:00.000Z,14516 AIKEN RD,LA00432137,PROPOSED WORKS
RC173,2020-02-11T00:00:00.000Z,2020-03-11T00:00:00.000Z,1804 S 3RD ST,LA00428081,PROPOSED WORKS
RC174,2020-02-11T00:00:00.000Z,2020-03-11T00:00:00.000Z,424 S 5TH ST,LA00436614,PROPOSED WORKS
RC175,2020-02-11T00:00:00.000Z,2020-03-11T00:00:00.000Z,150 S 3RD ST,LA00436262,WORKS ABANDONED
RC176,2020-02-11T00:00:00.000Z,2020-03-11T00:00:00.000Z,600 E LIBERTY ST,LA00437745,PROPOSED WORKS
RC177,2020-02-12T00:00:00.000Z,2020-03-11T00:00:00.000Z,2501 STANLEY GAULT PKY,LA00434253,PROPOSED WORKS
RC178,2020-02-27T00:00:00.000Z,2020-03-12T00:00:00.000Z,1367 S 11TH ST,LA00437530,PROPOSED WORKS
RC179,2020-02-27T00:00:00.000Z,2020-03-12T00:00:00.000Z,1369 S 11TH ST,LA00434050,WORKS ABANDONED
RC180,2020-02-27T00:00:00.000Z,2020-03-12T00:00:00.000Z,1368 S 11TH ST,LA00434930,PROPOSED WORKS
RC181,2020-02-27T00:00:00.000Z,2020-03-12T00:00:00.000Z,1400 S 13TH ST,LA00437068,PROPOSED WORKS
RC182,2020-02-27T00:00:00.000Z,2020-03-12T00:00:00.000Z,1409 W HILL ST,LA00436020,WORKS ABANDONED
RC183,2020-01-13T00:00:00.000Z,2020-03-02T00:00:00.000Z,1819 W HILL ST,LA00424319,PROPOSED WORKS
RC184,2020-02-27T00:00:00.000Z,2020-03-12T00:00:00.000Z,1369 S 11TH ST,LA00434534,PROPOSED WORKS
RC185,2020-02-27T00:00:00.000Z,2020-03-12T00:00:00.000Z,1225 W BURNETT AVE,LA00437059,PROPOSED WORKS
RC186,2020-01-05T00:00:00.000Z,2020-03-12T00:00:00.000Z,7518 SMYRNA RD,LA00437496,PROPOSED WORKS
RC187,2019-12-12T00:00:00.000Z,2020-03-12T00:00:00.000Z,917 W HILL ST,LA00421797,PROPOSED WORKS
RC188,2020-02-14T00:00:00.000Z,2020-03-13T00:00:00.000Z,913 S CLAY ST,LA00424325,PROPOSED WORKS
RC189,2020-02-14T00:00:00.000Z,2020-03-13T00:00:00.000Z,2200 DIXIE HWY,LA00432890,PROPOSED WORKS
RC190,2020-02-14T00:00:00.000Z,2020-03-13T00:00:00.000Z,1698 PHYLLIS AVE,LA00426272,PROPOSED WORKS
RC191,2020-02-14T00:00:00.000Z,2020-03-13T00:00:00.000Z,1799 MCCLOSKEY AVE,LA00437656,PROPOSED WORKS
RC192,2020-02-14T00:00:00.000Z,2020-03-13T00:00:00.000Z,1799 WATHEN LN,LA00420764,PROPOSED WORKS
RC193,2020-02-14T00:00:00.000Z,2020-03-13T00:00:00.000Z,1534 LONEY LN,LA00435475,PROPOSED WORKS
RC194,2020-02-17T00:00:00.000Z,2020-03-13T00:00:00.000Z,1015 S 8TH ST,LA00434533,PROPOSED WORKS
RC195,2020-02-15T00:00:00.000Z,2020-03-14T00:00:00.000Z,946 GOSS AVE,LA00435254,PROPOSED WORKS
RC196,2020-01-15T00:00:00.000Z,2020-03-15T00:00:00.000Z,1263 E BURNETT AVE,LA00435477,PROPOSED WORKS
RC197,2020-01-15T00:00:00.000Z,2020-03-15T00:00:00.000Z,930 CLARKS LN,LA00434083,PROPOSED WORKS
RC198,2020-01-31T00:00:00.000Z,2020-03-15T00:00:00.000Z,677 S 26TH ST,LA00435664,PROPOSED WORKS
RC199,2020-01-31T00:00:00.000Z,2020-03-15T00:00:00.000Z,677 S 26TH ST,LA00435416,PROPOSED WORKS
RC200,2020-01-02T00:00:00.000Z,2020-03-16T00:00:00.000Z,12500 SYCAMORE STATION PL,LA00435670,PROPOSED WORKS
RC201,2020-01-20T00:00:00.000Z,2020-03-16T00:00:00.000Z,200 E LIBERTY ST,LA00426271,PROPOSED WORKS
RC202,2020-01-20T00:00:00.000Z,2020-03-16T00:00:00.000Z,319 W MUHAMMAD ALI BLVD,LA00429436,PROPOSED WORKS
RC203,2020-02-17T00:00:00.000Z,2020-03-16T00:00:00.000Z,1455 S 6TH ST,LA00398696,PROPOSED WORKS
RC204,2020-02-17T00:00:00.000Z,2020-03-16T00:00:00.000Z,5009 DUNVEGAN RD,LA00426065,PROPOSED WORKS
RC205,2020-02-17T00:00:00.000Z,2020-03-16T00:00:00.000Z,1000 W JEFFERSON ST Unit 101,LA00436666,PROPOSED WORKS
RC206,2020-02-17T00:00:00.000Z,2020-03-16T00:00:00.000Z,1200 LOGAN ST,LA00426420,PROPOSED WORKS
RC207,2020-02-17T00:00:00.000Z,2020-03-16T00:00:00.000Z,700 CENTRAL AVE,LA00436628,PROPOSED WORKS
RC208,2020-02-17T00:00:00.000Z,2020-03-16T00:00:00.000Z,1385 S 4TH ST,LA00429288,PROPOSED WORKS
RC209,2020-02-17T00:00:00.000Z,2020-03-16T00:00:00.000Z,724 CAWTHON ST,LA00426298,PROPOSED WORKS
RC210,2020-02-17T00:00:00.000Z,2020-03-16T00:00:00.000Z,1901 N BECKLEY STATION RD,LA00435476,PROPOSED WORKS
RC211,2020-01-13T00:00:00.000Z,2020-03-02T00:00:00.000Z,1715 DIXIE HWY,LA00394965,WORKS ABANDONED
RC212,2020-01-20T00:00:00.000Z,2020-03-02T00:00:00.000Z,1500 ARCADE AVE,LA00436289,PROPOSED WORKS
RC213,2020-02-03T00:00:00.000Z,2020-03-02T00:00:00.000Z,977 S SHELBY ST,LA00435421,PROPOSED WORKS
RC214,2020-02-03T00:00:00.000Z,2020-03-02T00:00:00.000Z,701 E KENTUCKY ST,LA00428925,PROPOSED WORKS
RC215,2020-02-03T00:00:00.000Z,2020-03-02T00:00:00.000Z,1758 W BURNETT AVE Unit 1,LA00435584,PROPOSED WORKS
RC216,2020-02-03T00:00:00.000Z,2020-03-02T00:00:00.000Z,2108 MCCLOSKEY AVE,LA00437335,PROPOSED WORKS
RC217,2020-02-03T00:00:00.000Z,2020-03-02T00:00:00.000Z,2304 DUMESNIL ST,LA00426783,PROPOSED WORKS
RC218,2020-02-03T00:00:00.000Z,2020-03-02T00:00:00.000Z,2126 W OAK ST,LA00435678,PROPOSED WORKS
RC219,2020-02-03T00:00:00.000Z,2020-03-02T00:00:00.000Z,2216 W OAK ST,LA00436111,PROPOSED WORKS
RC220,2020-02-03T00:00:00.000Z,2020-03-02T00:00:00.000Z,1799 BOLLING AVE,LA00435754,PROPOSED WORKS
RC221,2020-02-03T00:00:00.000Z,2020-03-02T00:00:00.000Z,2301 W ORMSBY AVE,LA00329315,PROPOSED WORKS
RC222,2020-02-03T00:00:00.000Z,2020-03-02T00:00:00.000Z,2727 LINDSAY AVE,LA00435682,PROPOSED WORKS
RC223,2020-02-03T00:00:00.000Z,2020-03-02T00:00:00.000Z,1112 RIVER RD,LA00437446,PROPOSED WORKS
RC224,2020-02-03T00:00:00.000Z,2020-03-02T00:00:00.000Z,270 N CAMPBELL ST,LA00437269,PROPOSED WORKS
RC225,2020-02-03T00:00:00.000Z,2020-03-02T00:00:00.000Z,4800 ALLMOND AVE,LA00401782,PROPOSED WORKS
RC226,2020-02-03T00:00:00.000Z,2020-03-02T00:00:00.000Z,808 DORSEY LN,LA00428113,PROPOSED WORKS
RC227,2020-02-03T00:00:00.000Z,2020-03-02T00:00:00.000Z,3941 BUECHEL BANK RD,LA00436272,PROPOSED WORKS
RC228,2020-02-03T00:00:00.000Z,2020-03-02T00:00:00.000Z,1000 W MARKET ST,LA00415664,PROPOSED WORKS
RC229,2020-02-03T00:00:00.000Z,2020-03-02T00:00:00.000Z,4333 ROBARDS LN,LA00437162,PROPOSED WORKS
RC230,2020-02-03T00:00:00.000Z,2020-03-02T00:00:00.000Z,922 S 2ND ST,LA00437070,PROPOSED WORKS
RC231,2020-02-03T00:00:00.000Z,2020-03-02T00:00:00.000Z,1527 PORTLAND AVE,LA00435447,PROPOSED WORKS
RC232,2020-02-03T00:00:00.000Z,2020-03-02T00:00:00.000Z,3505 GOLDSMITH LN,LA00430423,PROPOSED WORKS
RC233,2020-02-03T00:00:00.000Z,2020-03-02T00:00:00.000Z,750 GRADE LN,LA00435997,PROPOSED WORKS
RC234,2020-02-10T00:00:00.000Z,2020-03-02T00:00:00.000Z,2701 ROCKFORD LN,LA00398180,PROPOSED WORKS
RC235,2020-02-17T00:00:00.000Z,2020-03-02T00:00:00.000Z,406 STILZ AVE,LA00434546,PROPOSED WORKS
RC236,2020-02-17T00:00:00.000Z,2020-03-02T00:00:00.000Z,2201 CROSS HILL RD,LA00433070,PROPOSED WORKS
RC237,2020-02-17T00:00:00.000Z,2020-03-02T00:00:00.000Z,2614 TOP HILL RD,LA00433408,PROPOSED WORKS
RC238,2020-02-17T00:00:00.000Z,2020-03-02T00:00:00.000Z,1018 ELLISON AVE,LA00436982,PROPOSED WORKS
RC239,2020-02-24T00:00:00.000Z,2020-03-02T00:00:00.000Z,13698 AIKEN RD,LA00434603,PROPOSED WORKS
RC240,2019-12-19T00:00:00.000Z,2020-03-02T00:00:00.000Z,1735 S 22ND ST,LA00425287,PROPOSED WORKS
RC241,2020-02-04T00:00:00.000Z,2020-03-03T00:00:00.000Z,4424 RIVER RD,LA00436504,PROPOSED WORKS
RC242,2020-02-05T00:00:00.000Z,2020-03-04T00:00:00.000Z,6310 KENJOY DR,LA00434903,WORKS ABANDONED
RC243,2020-02-05T00:00:00.000Z,2020-03-04T00:00:00.000Z,1718 MCCLOSKEY AVE,LA00397054,IN PROGRESS
RC244,2020-02-05T00:00:00.000Z,2020-03-04T00:00:00.000Z,2201 W MAIN ST,LA00411741,PROPOSED WORKS
RC245,2020-02-05T00:00:00.000Z,2020-03-04T00:00:00.000Z,1430 S SHELBY ST,LA00434744,PROPOSED WORKS
RC246,2020-01-28T00:00:00.000Z,2020-03-06T00:00:00.000Z,200 E WASHINGTON ST,LA00433054,PROPOSED WORKS
RC247,2020-02-03T00:00:00.000Z,2020-03-06T00:00:00.000Z,7013 E MANSLICK RD,LA00435763,PROPOSED WORKS
RC248,2020-02-17T00:00:00.000Z,2020-03-06T00:00:00.000Z,740 COCHRAN HILL RD,LA00435449,PROPOSED WORKS
RC249,2020-02-17T00:00:00.000Z,2020-03-06T00:00:00.000Z,2614 TOP HILL RD,LA00433068,PROPOSED WORKS
RC250,2020-02-17T00:00:00.000Z,2020-03-06T00:00:00.000Z,1148 S PRESTON ST,LA00437633,PROPOSED WORKS
RC251,2020-02-24T00:00:00.000Z,2020-03-06T00:00:00.000Z,9120 SHELBYVILLE RD,LA00432752,PROPOSED WORKS
RC252,2020-02-08T00:00:00.000Z,2020-03-07T00:00:00.000Z,2525 ELLSWORTH AVE,LA00436192,PROPOSED WORKS
RC253,2019-12-07T00:00:00.000Z,2020-03-07T00:00:00.000Z,7201 JOHNSONTOWN RD,LA00388834,PROPOSED WORKS
RC254,2019-12-07T00:00:00.000Z,2020-03-07T00:00:00.000Z,10600 LOWER RIVER RD,LA00434396,PROPOSED WORKS
RC255,2020-02-20T00:00:00.000Z,2020-03-20T00:00:00.000Z,211 W MUHAMMAD ALI BLVD,LA00437778,PROPOSED WORKS
RC256,2020-02-20T00:00:00.000Z,2020-03-20T00:00:00.000Z,600 E LIBERTY ST,LA00433350,PROPOSED WORKS
RC257,2020-02-20T00:00:00.000Z,2020-03-20T00:00:00.000Z,416 W MUHAMMAD ALI BLVD Unit 100,LA00436896,PROPOSED WORKS
RC258,2020-02-20T00:00:00.000Z,2020-03-20T00:00:00.000Z,540 S 3RD ST,LA00424401,PROPOSED REMEDIAL
RC259,2020-02-21T00:00:00.000Z,2020-03-20T00:00:00.000Z,7020 FIELD VIEW CT,LA00429897,PROPOSED WORKS
RC260,2020-02-21T00:00:00.000Z,2020-03-20T00:00:00.000Z,7118 FIELD RIDGE CT,LA00433460,PROPOSED WORKS
RC261,2020-02-21T00:00:00.000Z,2020-03-20T00:00:00.000Z,101 W MUHAMMAD ALI BLVD,LA00434501,PROPOSED WORKS
RC262,2020-02-28T00:00:00.000Z,2020-03-20T00:00:00.000Z,5000 FIRWOOD LN,LA00434098,PROPOSED WORKS
RC263,2020-02-28T00:00:00.000Z,2020-03-20T00:00:00.000Z,5202 FIRWOOD LN,LA00422490,IN PROGRESS
RC264,2020-02-28T00:00:00.000Z,2020-03-20T00:00:00.000Z,4701 ANDALUSIA LN,LA00418363,PROPOSED WORKS
RC265,2020-01-27T00:00:00.000Z,2020-03-23T00:00:00.000Z,100 E JEFFERSON ST,LA00425290,PROPOSED WORKS
RC266,2020-01-27T00:00:00.000Z,2020-03-23T00:00:00.000Z,1100 CEDAR CT,LA00429930,PROPOSED WORKS
RC267,2020-01-27T00:00:00.000Z,2020-03-23T00:00:00.000Z,1412 TUCKER STATION RD,LA00431624,PROPOSED WORKS
RC268,2020-01-27T00:00:00.000Z,2020-03-23T00:00:00.000Z,660 S 8TH ST,LA00435681,PROPOSED WORKS
RC269,2020-01-27T00:00:00.000Z,2020-03-23T00:00:00.000Z,2800 S FLOYD ST,LA00431549,PROPOSED WORKS
RC270,2020-01-27T00:00:00.000Z,2020-03-23T00:00:00.000Z,3218 BON AIR AVE,LA00394407,PROPOSED WORKS
RC271,2020-01-29T00:00:00.000Z,2020-03-23T00:00:00.000Z,1087 E KENTUCKY ST,LA00435768,PROPOSED WORKS
RC272,2020-02-24T00:00:00.000Z,2020-03-23T00:00:00.000Z,626 RAWLINGS ST,LA00437631,PROPOSED WORKS
RC273,2020-02-24T00:00:00.000Z,2020-03-23T00:00:00.000Z,2336 S FLOYD ST,LA00436299,PROPOSED WORKS
RC274,2020-02-24T00:00:00.000Z,2020-03-23T00:00:00.000Z,200 E WASHINGTON ST,LA00432711,PROPOSED WORKS
RC275,2020-02-24T00:00:00.000Z,2020-03-23T00:00:00.000Z,1816 RANGELAND RD,LA00434693,PROPOSED WORKS
RC276,2020-02-24T00:00:00.000Z,2020-03-23T00:00:00.000Z,11200 WESTPORT RD,LA00435684,PROPOSED WORKS
RC277,2020-02-24T00:00:00.000Z,2020-03-23T00:00:00.000Z,315 W BRECKINRIDGE ST,LA00432435,WORKS ABANDONED
RC278,2020-02-24T00:00:00.000Z,2020-03-23T00:00:00.000Z,101 E JEFFERSON ST,LA00433111,PROPOSED WORKS
RC279,2020-02-24T00:00:00.000Z,2020-03-23T00:00:00.000Z,4701 SHENANDOAH DR,LA00433360,PROPOSED WORKS
RC280,2020-02-24T00:00:00.000Z,2020-03-23T00:00:00.000Z,1552 KNIGHT RD,LA00431387,WORKS ABANDONED
RC281,2020-02-24T00:00:00.000Z,2020-03-23T00:00:00.000Z,4408 ATLAS POWDER RD,LA00429489,PROPOSED WORKS
RC282,2020-02-24T00:00:00.000Z,2020-03-23T00:00:00.000Z,1710 LINCOLN AVE,LA00437486,PROPOSED WORKS
RC283,2020-02-24T00:00:00.000Z,2020-03-23T00:00:00.000Z,727 W CHESTNUT ST,LA00435044,PROPOSED WORKS
RC284,2020-02-24T00:00:00.000Z,2020-03-23T00:00:00.000Z,835 PERENNIAL DR,LA00435991,PROPOSED WORKS
RC285,2020-02-24T00:00:00.000Z,2020-03-23T00:00:00.000Z,749 VINE ST,LA00433763,PROPOSED WORKS
RC286,2020-02-24T00:00:00.000Z,2020-03-23T00:00:00.000Z,508 M ST,LA00437724,PROPOSED WORKS
RC287,2020-02-24T00:00:00.000Z,2020-03-23T00:00:00.000Z,5700 WALNUT WAY,LA00435578,PROPOSED WORKS
RC288,2020-02-24T00:00:00.000Z,2020-03-23T00:00:00.000Z,1908 DEER PARK AVE,LA00421999,IN PROGRESS
RC289,2020-02-24T00:00:00.000Z,2020-03-23T00:00:00.000Z,731 BRENT ST,LA00435466,PROPOSED WORKS
RC290,2020-02-24T00:00:00.000Z,2020-03-23T00:00:00.000Z,9053 FERN CREEK RD,LA00426210,PROPOSED WORKS
RC291,2020-02-24T00:00:00.000Z,2020-03-23T00:00:00.000Z,6220 DUTCHMANS LN,LA00431323,WORKS ABANDONED
RC292,2020-02-24T00:00:00.000Z,2020-03-24T00:00:00.000Z,425 W BROADWAY,LA00429279,PROPOSED WORKS
RC293,2020-02-24T00:00:00.000Z,2020-03-24T00:00:00.000Z,150 S 3RD ST,LA00434973,PROPOSED WORKS
RC294,2020-02-24T00:00:00.000Z,2020-03-24T00:00:00.000Z,100 S 2ND ST,LA00388854,PROPOSED WORKS
RC295,2020-02-25T00:00:00.000Z,2020-03-24T00:00:00.000Z,1517 S 12TH ST,LA00437554,PROPOSED WORKS
RC296,2020-02-26T00:00:00.000Z,2020-03-25T00:00:00.000Z,1340 W ORMSBY AVE,LA00375139,PROPOSED WORKS
RC297,2020-02-26T00:00:00.000Z,2020-03-25T00:00:00.000Z,1371 LEXINGTON RD,LA00435589,PROPOSED WORKS
RC298,2020-02-26T00:00:00.000Z,2020-03-25T00:00:00.000Z,3101 S 2ND ST,LA00394405,PROPOSED WORKS
RC299,2020-02-26T00:00:00.000Z,2020-03-25T00:00:00.000Z,1520 NORRIS PL,LA00427428,PROPOSED WORKS
RC300,2020-02-26T00:00:00.000Z,2020-03-25T00:00:00.000Z,1311 S SHELBY ST,LA00433779,PROPOSED WORKS
RC301,2020-02-26T00:00:00.000Z,2020-03-25T00:00:00.000Z,401 S 4TH ST,LA00418370,PROPOSED WORKS
,,,,LA00434291,PROPOSED WORKS
,,,,LA00436288,PROPOSED WORKS
,,,,LA00432043,PROPOSED WORKS
,,,,LA00435486,PROPOSED WORKS
,,,,LA00436141,PROPOSED WORKS
,,,,LA00428167,PROPOSED WORKS
,,,,LA00432709,PROPOSED WORKS
,,,,LA00435012,PROPOSED WORKS
,,,,LA00436946,WORKS ABANDONED
,,,,LA00433059,PROPOSED WORKS
,,,,LA00436624,PROPOSED WORKS
,,,,LA00435225,PROPOSED WORKS
,,,,LA00435473,PROPOSED WORKS
,,,,LA00435442,PROPOSED WORKS
,,,,LA00400148,PROPOSED WORKS
,,,,LA00423418,IN PROGRESS
,,,,LA00430735,PROPOSED WORKS
,,,,LA00437178,PROPOSED WORKS
,,,,LA00436044,WORKS ABANDONED
,,,,LA00436069,PROPOSED WORKS
,,,,LA00436493,PROPOSED WORKS
,,,,LA00437744,PROPOSED WORKS
,,,,LA00421622,WORKS ABANDONED
,,,,LA00435308,PROPOSED WORKS
,,,,LA00437743,PROPOSED WORKS
,,,,LA00436142,PROPOSED WORKS
,,,,LA00422080,PROPOSED WORKS
,,,,LA00426206,PROPOSED WORKS
,,,,LA00436191,PROPOSED WORKS
,,,,LA00436497,PROPOSED WORKS
,,,,LA00436303,WORKS ABANDONED
,,,,LA00436494,PROPOSED WORKS
,,,,LA00437505,PROPOSED WORKS
,,,,LA00437051,PROPOSED WORKS
,,,,LA00329314,PROPOSED WORKS
,,,,LA00422244,PROPOSED WORKS
,,,,LA00433915,PROPOSED WORKS
,,,,LA00429066,PROPOSED WORKS
,,,,LA00433711,PROPOSED WORKS
,,,,LA00398695,PROPOSED WORKS
,,,,LA00430424,PROPOSED WORKS
,,,,LA00430613,PROPOSED WORKS
,,,,LA00434936,WORKS ABANDONED
,,,,LA00429057,PROPOSED WORKS
,,,,LA00429901,PROPOSED WORKS
,,,,LA00435459,PROPOSED WORKS
,,,,LA00436984,PROPOSED WORKS
,,,,LA00437403,PROPOSED WORKS
,,,,LA00427426,PROPOSED WORKS
,,,,LA00426294,PROPOSED WORKS
,,,,LA00342544,PROPOSED WORKS
,,,,LA00398179,PROPOSED WORKS
,,,,LA00435993,PROPOSED WORKS
,,,,LA00429931,PROPOSED WORKS
,,,,LA00434545,PROPOSED WORKS
,,,,LA00435992,PROPOSED WORKS
,,,,LA00436197,PROPOSED WORKS
,,,,LA00437240,PROPOSED WORKS
,,,,LA00342550,PROPOSED WORKS
,,,,LA00437334,PROPOSED WORKS
,,,,LA00429883,PROPOSED WORKS
,,,,LA00429978,WORKS ABANDONED
,,,,LA00399413,PROPOSED WORKS
,,,,LA00402793,PROPOSED WORKS
,,,,LA00432763,PROPOSED WORKS
,,,,LA00429335,PROPOSED WORKS
,,,,LA00437069,PROPOSED WORKS
,,,,LA00429305,PROPOSED WORKS
,,,,LA00428076,PROPOSED WORKS
,,,,LA00437547,PROPOSED WORKS
,,,,LA00437735,PROPOSED WORKS
,,,,LA00434611,PROPOSED WORKS
,,,,LA00398177,PROPOSED WORKS
,,,,LA00435988,PROPOSED WORKS
,,,,LA00381738,PROPOSED WORKS
,,,,LA00436512,PROPOSED WORKS
,,,,LA00431455,PROPOSED WORKS
,,,,LA00409937,PROPOSED WORKS
,,,,LA00428121,PROPOSED WORKS
,,,,LA00433511,PROPOSED WORKS
,,,,LA00437716,PROPOSED WORKS
,,,,LA00434900,PROPOSED WORKS
,,,,LA00434615,PROPOSED WORKS
,,,,LA00436488,PROPOSED WORKS
,,,,LA00436458,PROPOSED WORKS
,,,,LA00437105,PROPOSED WORKS
,,,,LA00399087,PROPOSED WORKS
,,,,LA00426418,PROPOSED WORKS
,,,,LA00436291,PROPOSED WORKS
,,,,LA00424322,PROPOSED WORKS
,,,,LA00437560,PROPOSED WORKS
,,,,LA00437570,PROPOSED WORKS
,,,,LA00425293,PROPOSED WORKS
,,,,LA00432747,PROPOSED WORKS
,,,,LA00428078,PROPOSED WORKS
,,,,LA00430431,PROPOSED WORKS
,,,,LA00331735,PROPOSED WORKS
,,,,LA00437107,PROPOSED WORKS
,,,,LA00437620,PROPOSED WORKS
,,,,LA00429560,PROPOSED WORKS
,,,,LA00437052,PROPOSED WORKS
,,,,LA00436059,WORKS ABANDONED
,,,,LA00434933,PROPOSED WORKS
,,,,LA00428675,PROPOSED WORKS
,,,,LA00434681,PROPOSED WORKS
,,,,LA00437337,PROPOSED WORKS
,,,,LA00433060,PROPOSED WORKS
,,,,LA00424107,PROPOSED WORKS
,,,,LA00420436,PROPOSED WORKS
,,,,LA00428456,PROPOSED WORKS
,,,,LA00432300,WORKS ABANDONED
,,,,LA00436429,PROPOSED WORKS
,,,,LA00436635,PROPOSED WORKS
,,,,LA00402276,PROPOSED WORKS
,,,,LA00437573,PROPOSED WORKS
,,,,LA00435860,PROPOSED WORKS
,,,,LA00433992,PROPOSED WORKS
,,,,LA00424570,PROPOSED WORKS
,,,,LA00426423,PROPOSED WORKS
,,,,LA00433317,PROPOSED WORKS
,,,,LA00436068,PROPOSED WORKS
,,,,LA00397645,PROPOSED WORKS
,,,,LA00437495,WORKS ABANDONED
,,,,LA00422245,PROPOSED WORKS
,,,,LA00417438,PROPOSED WORKS
,,,,LA00437807,PROPOSED WORKS
,,,,LA00429602,PROPOSED WORKS
,,,,LA00436985,PROPOSED WORKS
,,,,LA00432513,PROPOSED WORKS
,,,,LA00435441,PROPOSED WORKS
,,,,LA00420052,PROPOSED WORKS
,,,,LA00436450,PROPOSED WORKS
,,,,LA00434901,PROPOSED WORKS
,,,,LA00427817,POTENTIAL WORKS
,,,,LA00436940,WORKS ABANDONED
,,,,LA00432764,PROPOSED WORKS
,,,,LA00436298,PROPOSED WORKS
,,,,LA00433536,PROPOSED WORKS
,,,,LA00428112,PROPOSED WORKS
,,,,LA00437071,PROPOSED WORKS
,,,,LA00434326,PROPOSED WORKS
,,,,LA00434051,WORKS ABANDONED
,,,,LA00436568,PROPOSED WORKS
,,,,LA00437548,PROPOSED WORKS
,,,,LA00437358,PROPOSED WORKS
,,,,LA00420744,PROPOSED WORKS
,,,,LA00435451,PROPOSED WORKS
,,,,LA00433192,PROPOSED WORKS
,,,,LA00437544,PROPOSED WORKS
,,,,LA00434329,PROPOSED WORKS
,,,,LA00436286,PROPOSED WORKS
,,,,LA00436983,PROPOSED WORKS
,,,,LA00437063,PROPOSED WORKS
,,,,LA00418372,PROPOSED WORKS
,,,,LA00434000,PROPOSED PERMANENT
,,,,LA00377633,PROPOSED WORKS
,,,,LA00433780,PROPOSED WORKS
,,,,LA00435422,PROPOSED WORKS
,,,,LA00435167,PROPOSED WORKS
,,,,LA00397355,PROPOSED WORKS
,,,,LA00426125,PROPOSED WORKS
,,,,LA00436570,PROPOSED WORKS
,,,,LA00433820,PROPOSED WORKS
,,,,LA00429837,PROPOSED WORKS
,,,,LA00420766,PROPOSED WORKS
,,,,LA00421608,PROPOSED WORKS
,,,,LA00429089,PROPOSED WORKS
,,,,LA00435446,PROPOSED WORKS
,,,,LA00436258,PROPOSED WORKS
,,,,LA00428459,PROPOSED WORKS
,,,,LA00437058,PROPOSED WORKS
,,,,LA00418358,PROPOSED WORKS
,,,,LA00435769,PROPOSED WORKS
,,,,LA00432301,WORKS ABANDONED
,,,,LA00429277,PROPOSED WORKS
,,,,LA00435755,PROPOSED WORKS
,,,,LA00429980,PROPOSED WORKS
,,,,LA00432757,PROPOSED WORKS
,,,,LA00435307,PROPOSED WORKS
,,,,LA00429064,PROPOSED WORKS
,,,,LA00434627,PROPOSED WORKS
,,,,LA00433406,PROPOSED WORKS
,,,,LA00436285,PROPOSED WORKS
,,,,LA00433772,PROPOSED WORKS
,,,,LA00435467,PROPOSED WORKS
,,,,LA00437397,PROPOSED WORKS
,,,,LA00412301,PROPOSED WORKS
,,,,LA00432157,WORKS ABANDONED
,,,,LA00437098,PROPOSED WORKS
,,,,LA00433913,PROPOSED WORKS
,,,,LA00437487,PROPOSED WORKS
,,,,LA00435462,PROPOSED WORKS
,,,,LA00398970,WORKS ABANDONED
,,,,LA00398497,PROPOSED WORKS
,,,,LA00434393,PROPOSED WORKS
,,,,LA00422429,IN PROGRESS
,,,,LA00432112,PROPOSED WORKS
,,,,LA00432931,PROPOSED WORKS
,,,,LA00436889,PROPOSED WORKS
,,,,LA00432887,PROPOSED WORKS
,,,,LA00436686,PROPOSED WORKS
,,,,LA00436063,PROPOSED WORKS
,,,,LA00437103,PROPOSED WORKS
,,,,LA00428117,PROPOSED WORKS
,,,,LA00437777,PROPOSED WORKS
,,,,LA00432546,PROPOSED WORKS
,,,,LA00437806,PROPOSED WORKS
,,,,LA00427485,PROPOSED WORKS
,,,,LA00434863,PROPOSED WORKS
,,,,LA00433069,PROPOSED WORKS
,,,,LA00426736,PROPOSED WORKS
,,,,LA00342547,PROPOSED WORKS
,,,,LA00433771,PROPOSED WORKS
,,,,LA00433677,PROPOSED WORKS
,,,,LA00424998,PROPOSED WORKS
,,,,LA00437405,PROPOSED WORKS
,,,,LA00397639,PROPOSED WORKS
,,,,LA00428457,PROPOSED WORKS
,,,,LA00436626,PROPOSED WORKS
,,,,LA00435304,PROPOSED WORKS
,,,,LA00434551,POTENTIAL WORKS
,,,,LA00436687,PROPOSED WORKS
,,,,LA00436676,PROPOSED WORKS
,,,,LA00436744,PROPOSED WORKS
,,,,LA00437065,PROPOSED WORKS
,,,,LA00437056,PROPOSED WORKS
,,,,LA00435908,PROPOSED WORKS
,,,,LA00336314,PROPOSED WORKS
,,,,LA00437106,PROPOSED WORKS
,,,,LA00436436,PROPOSED WORKS
,,,,LA00436844,PROPOSED WORKS
,,,,LA00432869,PROPOSED WORKS
,,,,LA00339141,PROPOSED WORKS
,,,,LA00437108,PROPOSED WORKS
,,,,LA00434494,PROPOSED WORKS
,,,,LA00398932,PROPOSED WORKS
,,,,LA00433709,PROPOSED WORKS
,,,,LA00428676,PROPOSED WORKS
,,,,LA00432755,PROPOSED WORKS
,,,,LA00420765,PROPOSED WORKS
,,,,LA00435251,PROPOSED WORKS
,,,,LA00424292,PROPOSED WORKS
,,,,LA00418365,PROPOSED WORKS
,,,,LA00436364,PROPOSED WORKS
,,,,LA00432519,PROPOSED WORKS
,,,,LA00435412,PROPOSED WORKS
,,,,LA00432221,PROPOSED WORKS
,,,,LA00432216,PROPOSED WORKS
,,,,LA00430932,PROPOSED WORKS
,,,,LA00432294,PROPOSED WORKS
,,,,LA00420051,PROPOSED WORKS
,,,,LA00431333,PROPOSED WORKS
,,,,LA00437556,PROPOSED WORKS
,,,,LA00431625,PROPOSED WORKS
,,,,LA00436190,PROPOSED WORKS
,,,,LA00435662,PROPOSED WORKS
,,,,LA00428623,WORKS ABANDONED
,,,,LA00437404,PROPOSED WORKS
,,,,LA00433403,PROPOSED WORKS
,,,,LA00426656,PROPOSED WORKS
,,,,LA00437619,PROPOSED WORKS
,,,,LA00435301,PROPOSED WORKS
,,,,LA00395748,IN PROGRESS
,,,,LA00436017,PROPOSED WORKS
,,,,LA00435862,PROPOSED WORKS
,,,,LA00434537,PROPOSED WORKS
,,,,LA00434893,PROPOSED WORKS
,,,,LA00432042,PROPOSED WORKS
,,,,LA00435440,PROPOSED WORKS
,,,,LA00425250,PROPOSED WORKS
,,,,LA00434610,PROPOSED WORKS
,,,,LA00435413,PROPOSED WORKS
,,,,LA00424590,PROPOSED WORKS
,,,,LA00436507,PROPOSED WORKS
,,,,LA00436311,PROPOSED WORKS
,,,,LA00432326,PROPOSED WORKS
,,,,LA00436290,PROPOSED WORKS
,,,,LA00339259,PROPOSED WORKS
,,,,LA00389943,PROPOSED WORKS
,,,,LA00429336,PROPOSED WORKS
,,,,LA00429092,PROPOSED WORKS
,,,,LA00437809,PROPOSED WORKS
,,,,LA00434855,PROPOSED WORKS
,,,,LA00436071,PROPOSED WORKS
,,,,LA00437402,PROPOSED WORKS
,,,,LA00435487,PROPOSED WORKS
,,,,LA00434905,PROPOSED WORKS
,,,,LA00435228,PROPOSED WORKS
,,,,LA00431398,PROPOSED WORKS
,,,,LA00388836,IN PROGRESS
,,,,LA00402659,PROPOSED WORKS
,,,,LA00420437,PROPOSED WORKS
,,,,LA00434327,PROPOSED WORKS
,,,,LA00433818,PROPOSED WORKS
,,,,LA00429063,PROPOSED WORKS
,,,,LA00433465,PROPOSED WORKS
,,,,LA00436496,PROPOSED WORKS
,,,,LA00375749,PROPOSED WORKS
,,,,LA00432537,PROPOSED WORKS
,,,,LA00433687,PROPOSED WORKS
,,,,LA00433785,PROPOSED WORKS
,,,,LA00427403,PROPOSED WORKS
,,,,LA00437396,PROPOSED WORKS
,,,,LA00433401,PROPOSED WORKS
,,,,LA00433548,PROPOSED WORKS
,,,,LA00435432,PROPOSED WORKS
,,,,LA00435437,PROPOSED WORKS
,,,,LA00434538,PROPOSED WORKS
,,,,LA00434401,PROPOSED WORKS
,,,,LA00429926,PROPOSED WORKS
,,,,LA00433683,IN PROGRESS
,,,,LA00431931,PROPOSED WORKS
,,,,LA00437561,PROPOSED WORKS
,,,,LA00432753,PROPOSED WORKS
,,,,LA00426421,PROPOSED WORKS
,,,,LA00433516,PROPOSED WORKS
,,,,LA00428458,PROPOSED WORKS
,,,,LA00436843,PROPOSED WORKS
,,,,LA00435435,PROPOSED WORKS
,,,,LA00422653,PROPOSED WORKS
,,,,LA00436297,PROPOSED WORKS
,,,,LA00411091,PROPOSED WORKS
,,,,LA00437502,PROPOSED WORKS
,,,,LA00435201,PROPOSED WORKS
,,,,LA00436015,PROPOSED WORKS
,,,,LA00436292,PROPOSED WORKS
,,,,LA00430443,PROPOSED WORKS
,,,,LA00431806,PROPOSED WORKS
,,,,LA00431235,PROPOSED WORKS
,,,,LA00434101,PROPOSED WORKS
,,,,LA00435418,PROPOSED WORKS
,,,,LA00432746,PROPOSED WORKS
,,,,LA00436689,PROPOSED WORKS
,,,,LA00385061,PROPOSED WORKS
,,,,LA00436070,PROPOSED WORKS
,,,,LA00416514,PROPOSED WORKS
,,,,LA00434857,PROPOSED WORKS
,,,,LA00433614,PROPOSED REMEDIAL
,,,,LA00434554,PROPOSED WORKS
,,,,LA00436422,PROPOSED WORKS
,,,,LA00432751,PROPOSED WORKS
,,,,LA00329311,PROPOSED WORKS
,,,,LA00433773,PROPOSED WORKS
,,,,LA00429832,PROPOSED WORKS
,,,,LA00432533,PROPOSED WORKS
,,,,LA00437637,PROPOSED WORKS
,,,,LA00436634,WORKS ABANDONED
,,,,LA00433041,PROPOSED WORKS
,,,,LA00434532,PROPOSED WORKS
,,,,LA00435436,PROPOSED WORKS
,,,,LA00437741,PROPOSED WORKS
,,,,LA00416515,IN PROGRESS
,,,,LA00428952,PROPOSED WORKS
,,,,LA00436708,PROPOSED WORKS
,,,,LA00431204,PROPOSED WORKS
,,,,LA00437736,PROPOSED WORKS
,,,,LA00433767,PROPOSED WORKS
,,,,LA00428120,PROPOSED WORKS
,,,,LA00437621,PROPOSED WORKS
,,,,LA00429059,PROPOSED WORKS
,,,,LA00437336,PROPOSED WORKS
,,,,LA00436690,PROPOSED WORKS
,,,,LA00425666,PROPOSED WORKS
,,,,LA00436277,PROPOSED WORKS
,,,,LA00435162,PROPOSED WORKS
,,,,LA00429841,PROPOSED WORKS
,,,,LA00404095,PROPOSED WORKS
,,,,LA00378642,PROPOSED WORKS
,,,,LA00424626,PROPOSED WORKS
,,,,LA00435460,PROPOSED WORKS
,,,,LA00399493,PROPOSED WORKS
,,,,LA00436615,PROPOSED WORKS
,,,,LA00434960,PROPOSED WORKS
,,,,LA00432745,PROPOSED WORKS
,,,,LA00434856,PROPOSED WORKS
,,,,LA00436363,PROPOSED WORKS
,,,,LA00422249,PROPOSED WORKS
,,,,LA00436809,PROPOSED WORKS
,,,,LA00435767,IN PROGRESS
,,,,LA00331276,PROPOSED WORKS
,,,,LA00437462,PROPOSED WORKS
,,,,LA00435433,PROPOSED WORKS
,,,,LA00435429,PROPOSED WORKS
,,,,LA00434119,PROPOSED WORKS
,,,,LA00432627,PROPOSED WORKS
,,,,LA00437057,PROPOSED WORKS
,,,,LA00434493,PROPOSED WORKS
,,,,LA00415556,IN PROGRESS
,,,,LA00429798,PROPOSED WORKS
,,,,LA00437094,PROPOSED WORKS
,,,,LA00429827,PROPOSED WORKS
,,,,LA00429840,PROPOSED WORKS
,,,,LA00435843,PROPOSED WORKS
,,,,LA00424031,PROPOSED WORKS
,,,,LA00436140,PROPOSED WORKS
,,,,LA00339267,PROPOSED WORKS
,,,,LA00434547,PROPOSED WORKS
,,,,LA00437072,PROPOSED WORKS
,,,,LA00435671,PROPOSED WORKS
,,,,LA00398960,WORKS ABANDONED
,,,,LA00428835,PROPOSED WORKS
,,,,LA00434553,POTENTIAL WORKS
,,,,LA00435438,PROPOSED WORKS
,,,,LA00434478,PROPOSED WORKS
,,,,LA00434414,PROPOSED WORKS
,,,,LA00433527,WORKS ABANDONED
,,,,LA00424587,PROPOSED REMEDIAL
,,,,LA00381735,PROPOSED WORKS
,,,,LA00437739,PROPOSED WORKS
,,,,LA00435253,PROPOSED WORKS
,,,,LA00435581,PROPOSED WORKS
,,,,LA00437740,PROPOSED WORKS
,,,,LA00435801,PROPOSED WORKS
,,,,LA00437731,PROPOSED WORKS
,,,,LA00436412,PROPOSED WORKS
,,,,LA00437559,PROPOSED WORKS
,,,,LA00434500,PROPOSED WORKS
,,,,LA00346128,PROPOSED WORKS
,,,,LA00435420,PROPOSED WORKS
,,,,LA00435680,PROPOSED WORKS
,,,,LA00398046,PROPOSED WORKS
,,,,LA00435673,PROPOSED WORKS
,,,,LA00435663,PROPOSED WORKS
,,,,LA00428088,PROPOSED WORKS
,,,,LA00436680,PROPOSED WORKS
,,,,LA00428119,PROPOSED WORKS
,,,,LA00414143,PROPOSED WORKS
,,,,LA00437533,PROPOSED WORKS
,,,,LA00408214,PROPOSED REMEDIAL
,,,,LA00432199,PROPOSED WORKS
,,,,LA00432156,PROPOSED WORKS
,,,,LA00437742,PROPOSED WORKS
,,,,LA00427686,PROPOSED WORKS
,,,,LA00434087,PROPOSED WORKS
